lane,stage,fold,target_variant,feature_variant,outlier_policy,imputation,synthesis,model,config_key,status,error,n_train,n_test,n_features,balanced_accuracy,accuracy,f1_weighted,f1_macro,precision_weighted,precision_macro,recall_weighted,recall_macro,roc_auc,pr_auc,sensitivity,specificity,ordinal_mae,adjacent_error_rate,distant_error_rate,recall_class_0,recall_class_1
strict,final_5x2,0,severity_binary,all,none,gain,random_over,balanced_rf,severity_binary|all|none|gain|random_over|balanced_rf,ok,,142,126,55,0.6736111111111112,0.6825396825396826,0.6817191596204262,0.6743344533471181,0.6812444312444311,0.6754158004158004,0.6825396825396826,0.6736111111111112,0.7265946502057613,0.7723618912059875,0.7361111111111112,0.6111111111111112,,,,0.6111111111111112,0.7361111111111112
strict,final_5x2,0,severity_binary,all,none,gain,smote,balanced_rf,severity_binary|all|none|gain|smote|balanced_rf,ok,,142,126,55,0.6736111111111112,0.6825396825396826,0.6817191596204262,0.6743344533471181,0.6812444312444311,0.6754158004158004,0.6825396825396826,0.6736111111111112,0.7145061728395061,0.7550541264656441,0.7361111111111112,0.6111111111111112,,,,0.6111111111111112,0.7361111111111112
strict,final_5x2,0,severity_binary,all,none,gain,random_over,rf_balanced,severity_binary|all|none|gain|random_over|rf_balanced,ok,,142,126,55,0.662037037037037,0.6746031746031746,0.6721648716826928,0.6633869811689581,0.6718791412668965,0.6669758812615956,0.6746031746031746,0.662037037037037,0.7304526748971193,0.7719672821900212,0.75,0.5740740740740741,,,,0.5740740740740741,0.75
strict,final_5x2,0,severity_binary,all,none,gain,smote,catboost_balanced,severity_binary|all|none|gain|smote|catboost_balanced,ok,,142,126,55,0.6365740740740742,0.6507936507936508,0.6475070028011205,0.6376470588235295,0.6472069597069597,0.6418269230769231,0.6507936507936508,0.6365740740740742,0.7155349794238683,0.7593822238799293,0.7361111111111112,0.5370370370370371,,,,0.5370370370370371,0.7361111111111112
strict,final_5x2,0,severity_binary,all,none,gain,adasyn,rf_balanced,severity_binary|all|none|gain|adasyn|rf_balanced,ok,,135,126,55,0.650462962962963,0.6587301587301587,0.6583122324018231,0.6507895584917821,0.6579773289517409,0.6512018609459809,0.6587301587301587,0.650462962962963,0.6990740740740741,0.7475240744045171,0.7083333333333334,0.5925925925925926,,,,0.5925925925925926,0.7083333333333334
strict,final_5x2,0,severity_binary,missing_indicators,none,mean,smote,rf_balanced,severity_binary|missing_indicators|none|mean|smote|rf_balanced,ok,,142,126,108,0.6875,0.6984126984126984,0.6966884466884466,0.6889293139293139,0.696390977443609,0.6918421052631579,0.6984126984126984,0.6875,0.7043467078189302,0.7365793171867397,0.7638888888888888,0.6111111111111112,,,,0.6111111111111112,0.7638888888888888
strict,final_5x2,0,severity_binary,all,none,gain,none,balanced_rf,severity_binary|all|none|gain|none|balanced_rf,ok,,126,126,55,0.7060185185185185,0.7142857142857143,0.7135472436583834,0.7069010080124063,0.7131719631719632,0.7081600831600832,0.7142857142857143,0.7060185185185185,0.7296810699588478,0.7672498580479562,0.7638888888888888,0.6481481481481481,,,,0.6481481481481481,0.7638888888888888
strict,final_5x2,0,severity_binary,drop_gt50_missing,none,gain,none,catboost_balanced,severity_binary|drop_gt50_missing|none|gain|none|catboost_balanced,ok,,126,126,43,0.6435185185185186,0.6587301587301587,0.6548142042208005,0.6447446069110222,0.6550344349967296,0.6502827901966065,0.6587301587301587,0.6435185185185186,0.7296810699588477,0.7590306856410509,0.75,0.5370370370370371,,,,0.5370370370370371,0.75
strict,final_5x2,0,severity_binary,missing_indicators,none,raw,none,catboost_balanced,severity_binary|missing_indicators|none|raw|none|catboost_balanced,ok,,126,126,108,0.6828703703703703,0.6984126984126984,0.6942857142857142,0.685,0.6959627329192547,0.6932065217391304,0.6984126984126984,0.6828703703703703,0.7011316872427983,0.7385594262290078,0.7916666666666666,0.5740740740740741,,,,0.5740740740740741,0.7916666666666666
strict,final_5x2,0,severity_binary,drop_gt50_missing,none,raw,none,catboost_balanced,severity_binary|drop_gt50_missing|none|raw|none|catboost_balanced,ok,,126,126,43,0.6689814814814814,0.6825396825396826,0.6795518207282913,0.6705882352941176,0.6797161172161172,0.6754807692307693,0.6825396825396826,0.6689814814814814,0.724022633744856,0.7535727919360506,0.7638888888888888,0.5740740740740741,,,,0.5740740740740741,0.7638888888888888
strict,final_5x2,0,severity_binary,all,none,gain,random_over,catboost_balanced,severity_binary|all|none|gain|random_over|catboost_balanced,ok,,142,126,55,0.6921296296296295,0.7063492063492064,0.7029796640969678,0.6943151268769261,0.7040898772652071,0.7011850255857797,0.7063492063492064,0.6921296296296295,0.73070987654321,0.7739053506709404,0.7916666666666666,0.5925925925925926,,,,0.5925925925925926,0.7916666666666666
strict,final_5x2,0,severity_binary,all,none,gain,smote,rf_balanced,severity_binary|all|none|gain|smote|rf_balanced,ok,,142,126,55,0.6736111111111112,0.6825396825396826,0.6817191596204262,0.6743344533471181,0.6812444312444311,0.6754158004158004,0.6825396825396826,0.6736111111111112,0.7037037037037037,0.7486859316106491,0.7361111111111112,0.6111111111111112,,,,0.6111111111111112,0.7361111111111112
strict,final_5x2,0,severity_binary,all,none,mean,none,balanced_rf,severity_binary|all|none|mean|none|balanced_rf,ok,,126,126,55,0.6574074074074074,0.6746031746031746,0.6693829046770223,0.6589423648247177,0.6712522045855379,0.6679012345679012,0.6746031746031746,0.6574074074074074,0.6944444444444444,0.7334046440180603,0.7777777777777778,0.5370370370370371,,,,0.5370370370370371,0.7777777777777778
strict,final_5x2,0,severity_binary,all,none,mean,none,easy_ensemble,severity_binary|all|none|mean|none|easy_ensemble,ok,,126,126,55,0.6365740740740741,0.6428571428571429,0.6432466615952854,0.6362353243087189,0.6437168465337479,0.6359795134443021,0.6428571428571429,0.6365740740740741,0.6682098765432098,0.707677632982795,0.6805555555555556,0.5925925925925926,,,,0.5925925925925926,0.6805555555555556
strict,final_5x2,0,severity_binary,all,none,mean,none,catboost_balanced,severity_binary|all|none|mean|none|catboost_balanced,ok,,126,126,55,0.6574074074074074,0.6666666666666666,0.6658051176014473,0.658051176014474,0.6652806652806654,0.659043659043659,0.6666666666666666,0.6574074074074074,0.6895576131687242,0.729678445596462,0.7222222222222222,0.5925925925925926,,,,0.5925925925925926,0.7222222222222222
strict,final_5x2,0,severity_binary,all,none,mean,none,rf_balanced,severity_binary|all|none|mean|none|rf_balanced,ok,,126,126,55,0.6134259259259259,0.6349206349206349,0.6261446886446886,0.6129807692307693,0.6292517006802721,0.625,0.6349206349206349,0.6134259259259259,0.6895576131687243,0.7318889703634377,0.7638888888888888,0.46296296296296297,,,,0.46296296296296297,0.7638888888888888
strict,final_5x2,0,severity_binary,all,none,mean,none,extra_trees,severity_binary|all|none|mean|none|extra_trees,ok,,126,126,55,0.6550925925925926,0.6587301587301587,0.6597113831156384,0.6538240368027601,0.6614361991936363,0.6533180778032037,0.6587301587301587,0.6550925925925926,0.7055041152263374,0.7471007254588998,0.6805555555555556,0.6296296296296297,,,,0.6296296296296297,0.6805555555555556
strict,final_5x2,1,severity_binary,all,none,gain,random_over,balanced_rf,severity_binary|all|none|gain|random_over|balanced_rf,ok,,144,126,55,0.6128040973111395,0.6190476190476191,0.6190476190476191,0.6128040973111395,0.6190476190476191,0.6128040973111395,0.6190476190476191,0.6128040973111395,0.7026888604353392,0.7507814660918872,0.6619718309859155,0.5636363636363636,,,,0.5636363636363636,0.6619718309859155
strict,final_5x2,1,severity_binary,all,none,gain,smote,balanced_rf,severity_binary|all|none|gain|smote|balanced_rf,ok,,144,126,55,0.6793854033290653,0.6825396825396826,0.6831065759637189,0.6785714285714286,0.6840168052982698,0.6781083142639206,0.6825396825396826,0.6793854033290653,0.7390524967989757,0.7652737854358566,0.704225352112676,0.6545454545454545,,,,0.6545454545454545,0.704225352112676
strict,final_5x2,1,severity_binary,all,none,gain,random_over,rf_balanced,severity_binary|all|none|gain|random_over|rf_balanced,ok,,144,126,55,0.6057618437900127,0.6111111111111112,0.6114838242497816,0.6055204140310524,0.6119331065759637,0.6053571428571429,0.6111111111111112,0.6057618437900127,0.6950064020486556,0.7277065734035151,0.647887323943662,0.5636363636363636,,,,0.5636363636363636,0.647887323943662
strict,final_5x2,1,severity_binary,all,none,gain,smote,catboost_balanced,severity_binary|all|none|gain|smote|catboost_balanced,ok,,144,126,55,0.6359795134443021,0.6428571428571429,0.6424676241190003,0.6362353243087189,0.6421590241034686,0.6365740740740741,0.6428571428571429,0.6359795134443021,0.7149807938540332,0.7673474629545488,0.6901408450704225,0.5818181818181818,,,,0.5818181818181818,0.6901408450704225
strict,final_5x2,1,severity_binary,all,none,gain,adasyn,rf_balanced,severity_binary|all|none|gain|adasyn|rf_balanced,ok,,134,126,55,0.6550576184379001,0.6666666666666666,0.6638080388080388,0.6561850311850312,0.6640162558529906,0.660482374768089,0.6666666666666666,0.6550576184379001,0.725224071702945,0.7716389525185658,0.7464788732394366,0.5636363636363636,,,,0.5636363636363636,0.7464788732394366
strict,final_5x2,1,severity_binary,missing_indicators,none,mean,smote,rf_balanced,severity_binary|missing_indicators|none|mean|smote|rf_balanced,ok,,144,126,108,0.6562099871959026,0.6587301587301587,0.6595775212952267,0.6550582542815305,0.6611690653272804,0.6546653144016228,0.6587301587301587,0.6562099871959026,0.7241997439180536,0.7601365405883557,0.676056338028169,0.6363636363636364,,,,0.6363636363636364,0.676056338028169
strict,final_5x2,1,severity_binary,all,none,gain,none,balanced_rf,severity_binary|all|none|gain|none|balanced_rf,ok,,126,126,55,0.6793854033290653,0.6825396825396826,0.6831065759637189,0.6785714285714286,0.6840168052982698,0.6781083142639206,0.6825396825396826,0.6793854033290653,0.7371318822023047,0.7710475064160639,0.704225352112676,0.6545454545454545,,,,0.6545454545454545,0.704225352112676
strict,final_5x2,1,severity_binary,drop_gt50_missing,none,gain,none,catboost_balanced,severity_binary|drop_gt50_missing|none|gain|none|catboost_balanced,ok,,126,126,43,0.6400768245838668,0.6428571428571429,0.6437439176345396,0.6390144521550901,0.6453564184294407,0.6386916835699796,0.6428571428571429,0.6400768245838668,0.7034571062740076,0.7403114694583696,0.6619718309859155,0.6181818181818182,,,,0.6181818181818182,0.6619718309859155
strict,final_5x2,1,severity_binary,missing_indicators,none,raw,none,catboost_balanced,severity_binary|missing_indicators|none|raw|none|catboost_balanced,ok,,126,126,108,0.652112676056338,0.6587301587301587,0.6583579519359336,0.6524026432283313,0.6580687830687831,0.6527777777777778,0.6587301587301587,0.652112676056338,0.7247119078104993,0.7487830424802852,0.704225352112676,0.6,,,,0.6,0.704225352112676
strict,final_5x2,1,severity_binary,drop_gt50_missing,none,raw,none,catboost_balanced,severity_binary|drop_gt50_missing|none|raw|none|catboost_balanced,ok,,126,126,43,0.680281690140845,0.6904761904761905,0.68837058632977,0.6816326530612244,0.6884711779448622,0.6852631578947368,0.6904761904761905,0.680281690140845,0.723943661971831,0.7514273205078462,0.7605633802816901,0.6,,,,0.6,0.7605633802816901
strict,final_5x2,1,severity_binary,all,none,gain,random_over,catboost_balanced,severity_binary|all|none|gain|random_over|catboost_balanced,ok,,144,126,55,0.6218950064020486,0.626984126984127,0.6273416273416274,0.6216216216216216,0.6277777777777778,0.6214285714285714,0.626984126984127,0.6218950064020486,0.7229193341869398,0.7640256469564263,0.6619718309859155,0.5818181818181818,,,,0.5818181818181818,0.6619718309859155
strict,final_5x2,1,severity_binary,all,none,gain,smote,rf_balanced,severity_binary|all|none|gain|smote|rf_balanced,ok,,144,126,55,0.6541613316261203,0.6587301587301587,0.6590572335253186,0.6538240368027601,0.6594671201814057,0.6535714285714285,0.6587301587301587,0.6541613316261203,0.7160051216389244,0.7607383138851007,0.6901408450704225,0.6181818181818182,,,,0.6181818181818182,0.6901408450704225
strict,final_5x2,1,severity_binary,all,none,mean,none,balanced_rf,severity_binary|all|none|mean|none|balanced_rf,ok,,126,126,55,0.6884763124199744,0.6904761904761905,0.6912447286166011,0.6871458585344115,0.6927943591229595,0.6866125760649088,0.6904761904761905,0.6884763124199744,0.7541613316261203,0.7870451449576312,0.704225352112676,0.6727272727272727,,,,0.6727272727272727,0.704225352112676
strict,final_5x2,1,severity_binary,all,none,mean,none,easy_ensemble,severity_binary|all|none|mean|none|easy_ensemble,ok,,126,126,55,0.6280409731113956,0.626984126984127,0.6284719395830507,0.6250712250712251,0.6338165642601127,0.626008064516129,0.626984126984127,0.6280409731113956,0.6860435339308579,0.7372686602401863,0.6197183098591549,0.6363636363636364,,,,0.6363636363636364,0.6197183098591549
strict,final_5x2,1,severity_binary,all,none,mean,none,catboost_balanced,severity_binary|all|none|mean|none|catboost_balanced,ok,,126,126,55,0.6653008962868118,0.6666666666666666,0.6676837020086448,0.6636155606407322,0.6700396323467408,0.6632937009865925,0.6666666666666666,0.6653008962868118,0.7375160051216388,0.7591549815557995,0.676056338028169,0.6545454545454545,,,,0.6545454545454545,0.676056338028169
strict,final_5x2,1,severity_binary,all,none,mean,none,rf_balanced,severity_binary|all|none|mean|none|rf_balanced,ok,,126,126,55,0.6914212548015365,0.6984126984126984,0.6977145796590241,0.6921296296296297,0.6973706343052427,0.6932023778754199,0.6984126984126984,0.6914212548015365,0.7408450704225352,0.7624769156422071,0.7464788732394366,0.6363636363636364,,,,0.6363636363636364,0.7464788732394366
strict,final_5x2,1,severity_binary,all,none,mean,none,extra_trees,severity_binary|all|none|mean|none|extra_trees,ok,,126,126,55,0.68348271446863,0.6825396825396826,0.6837470620432082,0.6805273833671399,0.6880401929582258,0.6807061790668348,0.6825396825396826,0.68348271446863,0.7231754161331626,0.7567550333984129,0.676056338028169,0.6909090909090909,,,,0.6909090909090909,0.676056338028169
strict,final_5x2,2,severity_binary,all,none,gain,random_over,balanced_rf,severity_binary|all|none|gain|random_over|balanced_rf,ok,,142,126,55,0.6041666666666667,0.6190476190476191,0.6154621848739495,0.6047058823529412,0.6146978021978022,0.6081730769230769,0.6190476190476191,0.6041666666666667,0.6995884773662551,0.750797413376171,0.7083333333333334,0.5,,,,0.5,0.7083333333333334
strict,final_5x2,2,severity_binary,all,none,gain,smote,balanced_rf,severity_binary|all|none|gain|smote|balanced_rf,ok,,142,126,55,0.6203703703703703,0.6428571428571429,0.6332072218763469,0.619845792826014,0.6377946300471409,0.6342898134863701,0.6428571428571429,0.6203703703703703,0.6929012345679011,0.75113344097203,0.7777777777777778,0.46296296296296297,,,,0.46296296296296297,0.7777777777777778
strict,final_5x2,2,severity_binary,all,none,gain,random_over,rf_balanced,severity_binary|all|none|gain|random_over|rf_balanced,ok,,142,126,55,0.662037037037037,0.6746031746031746,0.6721648716826928,0.6633869811689581,0.6718791412668965,0.6669758812615956,0.6746031746031746,0.662037037037037,0.7091049382716049,0.7603351667000302,0.75,0.5740740740740741,,,,0.5740740740740741,0.75
strict,final_5x2,2,severity_binary,all,none,gain,smote,catboost_balanced,severity_binary|all|none|gain|smote|catboost_balanced,ok,,142,126,55,0.5740740740740741,0.5952380952380952,0.5866501971590099,0.5725972730295976,0.5872393227394628,0.580694872513309,0.5952380952380952,0.5740740740740741,0.6342592592592594,0.7174667680856299,0.7222222222222222,0.42592592592592593,,,,0.42592592592592593,0.7222222222222222
strict,final_5x2,2,severity_binary,all,none,gain,adasyn,rf_balanced,severity_binary|all|none|gain|adasyn|rf_balanced,ok,,127,126,55,0.6157407407407407,0.6428571428571429,0.6283530134461811,0.6129956999522217,0.6388009196997961,0.6366535074400244,0.6428571428571429,0.6157407407407407,0.680812757201646,0.7413121078094465,0.8055555555555556,0.42592592592592593,,,,0.42592592592592593,0.8055555555555556
strict,final_5x2,2,severity_binary,missing_indicators,none,mean,smote,rf_balanced,severity_binary|missing_indicators|none|mean|smote|rf_balanced,ok,,142,126,108,0.6365740740740742,0.6507936507936508,0.6475070028011205,0.6376470588235295,0.6472069597069597,0.6418269230769231,0.6507936507936508,0.6365740740740742,0.6666666666666666,0.7347930847240676,0.7361111111111112,0.5370370370370371,,,,0.5370370370370371,0.7361111111111112
strict,final_5x2,2,severity_binary,all,none,gain,none,balanced_rf,severity_binary|all|none|gain|none|balanced_rf,ok,,126,126,55,0.6064814814814814,0.6190476190476191,0.6168696168696168,0.6070686070686071,0.6159398496240602,0.6089473684210527,0.6190476190476191,0.6064814814814814,0.6824845679012346,0.7337828738149792,0.6944444444444444,0.5185185185185185,,,,0.5185185185185185,0.6944444444444444
strict,final_5x2,2,severity_binary,drop_gt50_missing,none,gain,none,catboost_balanced,severity_binary|drop_gt50_missing|none|gain|none|catboost_balanced,ok,,126,126,44,0.5902777777777778,0.6111111111111112,0.6028599933488527,0.5893581642833389,0.6040907817315775,0.5983468758755954,0.6111111111111112,0.5902777777777778,0.6486625514403292,0.7205160426642938,0.7361111111111112,0.4444444444444444,,,,0.4444444444444444,0.7361111111111112
strict,final_5x2,2,severity_binary,missing_indicators,none,raw,none,catboost_balanced,severity_binary|missing_indicators|none|raw|none|catboost_balanced,ok,,126,126,108,0.6365740740740742,0.6507936507936508,0.6475070028011205,0.6376470588235295,0.6472069597069597,0.6418269230769231,0.6507936507936508,0.6365740740740742,0.6700102880658435,0.7392757789307878,0.7361111111111112,0.5370370370370371,,,,0.5370370370370371,0.7361111111111112
strict,final_5x2,2,severity_binary,drop_gt50_missing,none,raw,none,catboost_balanced,severity_binary|drop_gt50_missing|none|raw|none|catboost_balanced,ok,,126,126,44,0.625,0.6428571428571429,0.6371275783040489,0.625668449197861,0.6380952380952382,0.6333333333333333,0.6428571428571429,0.625,0.6741255144032922,0.7522377015957238,0.75,0.5,,,,0.5,0.75
strict,final_5x2,2,severity_binary,all,none,gain,random_over,catboost_balanced,severity_binary|all|none|gain|random_over|catboost_balanced,ok,,142,126,55,0.6226851851851851,0.6428571428571429,0.6352795857285383,0.6228799467908215,0.6377936997158068,0.6336508826001681,0.6428571428571429,0.6226851851851851,0.6779835390946501,0.7316988618157123,0.7638888888888888,0.48148148148148145,,,,0.48148148148148145,0.7638888888888888
strict,final_5x2,2,severity_binary,all,none,gain,smote,rf_balanced,severity_binary|all|none|gain|smote|rf_balanced,ok,,142,126,55,0.6388888888888888,0.6587301587301587,0.6514893819183809,0.6396408380445626,0.6546451587079214,0.6513028859624544,0.6587301587301587,0.6388888888888888,0.6993312757201646,0.7465359074769369,0.7777777777777778,0.5,,,,0.5,0.7777777777777778
strict,final_5x2,2,severity_binary,all,none,mean,none,balanced_rf,severity_binary|all|none|mean|none|balanced_rf,ok,,126,126,55,0.6226851851851851,0.626984126984127,0.628056628056628,0.6216216216216216,0.6298354582107443,0.6212814645308924,0.626984126984127,0.6226851851851851,0.6579218106995884,0.7260223126676777,0.6527777777777778,0.5925925925925926,,,,0.5925925925925926,0.6527777777777778
strict,final_5x2,2,severity_binary,all,none,mean,none,easy_ensemble,severity_binary|all|none|mean|none|easy_ensemble,ok,,126,126,55,0.5532407407407407,0.5555555555555556,0.5575896262395118,0.551487414187643,0.5621212121212121,0.5522727272727272,0.5555555555555556,0.5532407407407407,0.5631430041152263,0.6500445401465679,0.5694444444444444,0.5370370370370371,,,,0.5370370370370371,0.5694444444444444
strict,final_5x2,2,severity_binary,all,none,mean,none,catboost_balanced,severity_binary|all|none|mean|none|catboost_balanced,ok,,126,126,55,0.6018518518518519,0.6111111111111112,0.6106348694811472,0.6020625201417982,0.6102352028948048,0.6023520289480486,0.6111111111111112,0.6018518518518519,0.6288580246913581,0.7104180781918594,0.6666666666666666,0.5370370370370371,,,,0.5370370370370371,0.6666666666666666
strict,final_5x2,2,severity_binary,all,none,mean,none,rf_balanced,severity_binary|all|none|mean|none|rf_balanced,ok,,126,126,55,0.5833333333333333,0.6031746031746031,0.5958123509143918,0.5825602968460111,0.5961355717453278,0.5898004434589801,0.6031746031746031,0.5833333333333333,0.6586934156378601,0.7194284310242587,0.7222222222222222,0.4444444444444444,,,,0.4444444444444444,0.7222222222222222
strict,final_5x2,2,severity_binary,all,none,mean,none,extra_trees,severity_binary|all|none|mean|none|extra_trees,ok,,126,126,55,0.5856481481481481,0.5952380952380952,0.5947424151742553,0.585820174025137,0.5943211608758262,0.5860687516154045,0.5952380952380952,0.5856481481481481,0.6563786008230452,0.7334955813826312,0.6527777777777778,0.5185185185185185,,,,0.5185185185185185,0.6527777777777778
strict,final_5x2,3,severity_binary,all,none,gain,random_over,balanced_rf,severity_binary|all|none|gain|random_over|balanced_rf,ok,,144,126,55,0.6137003841229194,0.626984126984127,0.6230709481507684,0.6141265393888056,0.6230667480667481,0.6185897435897436,0.626984126984127,0.6137003841229194,0.6683738796414852,0.7162340121349504,0.7183098591549296,0.509090909090909,,,,0.509090909090909,0.7183098591549296
strict,final_5x2,3,severity_binary,all,none,gain,smote,balanced_rf,severity_binary|all|none|gain|smote|balanced_rf,ok,,144,126,55,0.6318822023047375,0.6428571428571429,0.640427599611273,0.6326530612244898,0.6400375939849624,0.6355263157894737,0.6428571428571429,0.6318822023047375,0.6645326504481435,0.7163612974123067,0.7183098591549296,0.5454545454545454,,,,0.5454545454545454,0.7183098591549296
strict,final_5x2,3,severity_binary,all,none,gain,random_over,rf_balanced,severity_binary|all|none|gain|random_over|rf_balanced,ok,,144,126,55,0.6480153649167734,0.6587301587301587,0.6564085951841053,0.6489795918367347,0.6561821219715958,0.6521052631578947,0.6587301587301587,0.6480153649167734,0.6683738796414852,0.7370076309068536,0.7323943661971831,0.5636363636363636,,,,0.5636363636363636,0.7323943661971831
strict,final_5x2,3,severity_binary,all,none,gain,smote,catboost_balanced,severity_binary|all|none|gain|smote|catboost_balanced,ok,,144,126,55,0.617797695262484,0.626984126984127,0.6256137173958638,0.6183048662584596,0.624954624954625,0.6195426195426195,0.626984126984127,0.617797695262484,0.6355953905249679,0.6890453430947748,0.6901408450704225,0.5454545454545454,,,,0.5454545454545454,0.6901408450704225
strict,final_5x2,3,severity_binary,all,none,gain,adasyn,rf_balanced,severity_binary|all|none|gain|adasyn|rf_balanced,ok,,138,126,55,0.617797695262484,0.626984126984127,0.6256137173958638,0.6183048662584596,0.624954624954625,0.6195426195426195,0.626984126984127,0.617797695262484,0.6645326504481435,0.7271639196043684,0.6901408450704225,0.5454545454545454,,,,0.5454545454545454,0.6901408450704225
strict,final_5x2,3,severity_binary,missing_indicators,none,mean,smote,rf_balanced,severity_binary|missing_indicators|none|mean|smote|rf_balanced,ok,,144,126,108,0.6046094750320102,0.6190476190476191,0.6142670401493932,0.6047058823529412,0.6145332358636965,0.6100188526797738,0.6190476190476191,0.6046094750320102,0.6555697823303457,0.7221390440368738,0.7183098591549296,0.4909090909090909,,,,0.4909090909090909,0.7183098591549296
strict,final_5x2,3,severity_binary,all,none,gain,none,balanced_rf,severity_binary|all|none|gain|none|balanced_rf,ok,,126,126,55,0.6409731113956466,0.6507936507936508,0.6489885003712867,0.6417678986818299,0.6485029567382509,0.643921568627451,0.6507936507936508,0.6409731113956466,0.6596670934699103,0.7122193569261241,0.7183098591549296,0.5636363636363636,,,,0.5636363636363636,0.7183098591549296
strict,final_5x2,3,severity_binary,drop_gt50_missing,none,gain,none,catboost_balanced,severity_binary|drop_gt50_missing|none|gain|none|catboost_balanced,ok,,126,126,43,0.5793854033290653,0.5952380952380952,0.5892665898567151,0.5786505802898171,0.5894151138716357,0.5842391304347826,0.5952380952380952,0.5793854033290653,0.6122919334186939,0.6593797733213921,0.704225352112676,0.45454545454545453,,,,0.45454545454545453,0.704225352112676
strict,final_5x2,3,severity_binary,missing_indicators,none,raw,none,catboost_balanced,severity_binary|missing_indicators|none|raw|none|catboost_balanced,ok,,126,126,108,0.6298335467349552,0.6428571428571429,0.6391104822720122,0.6305466866488565,0.6393849206349206,0.6354166666666666,0.6428571428571429,0.6298335467349552,0.6327784891165172,0.673916716668608,0.7323943661971831,0.5272727272727272,,,,0.5272727272727272,0.7323943661971831
strict,final_5x2,3,severity_binary,drop_gt50_missing,none,raw,none,catboost_balanced,severity_binary|drop_gt50_missing|none|raw|none|catboost_balanced,ok,,126,126,43,0.6066581306017925,0.6190476190476191,0.6157806157806157,0.6070686070686071,0.6153370439084725,0.6103896103896104,0.6190476190476191,0.6066581306017925,0.6330345710627401,0.6671714960639301,0.704225352112676,0.509090909090909,,,,0.509090909090909,0.704225352112676
strict,final_5x2,3,severity_binary,all,none,gain,random_over,catboost_balanced,severity_binary|all|none|gain|random_over|catboost_balanced,ok,,144,126,55,0.6227912932138284,0.6349206349206349,0.6317897567897568,0.6234407484407485,0.6315634478899785,0.62708719851577,0.6349206349206349,0.6227912932138284,0.6427656850192061,0.7014164676823227,0.7183098591549296,0.5272727272727272,,,,0.5272727272727272,0.7183098591549296
strict,final_5x2,3,severity_binary,all,none,gain,smote,rf_balanced,severity_binary|all|none|gain|smote|rf_balanced,ok,,144,126,55,0.626888604353393,0.6349206349206349,0.634075543797766,0.6273148148148149,0.6335503616454767,0.6280692685448437,0.6349206349206349,0.626888604353393,0.6604353393085788,0.723544197897797,0.6901408450704225,0.5636363636363636,,,,0.5636363636363636,0.6901408450704225
strict,final_5x2,3,severity_binary,all,none,mean,none,balanced_rf,severity_binary|all|none|mean|none|balanced_rf,ok,,126,126,55,0.6430217669654289,0.6507936507936508,0.6499853027630805,0.6435185185185185,0.6495054298104181,0.6443525458774877,0.6507936507936508,0.6430217669654289,0.6548015364916773,0.7270583755627484,0.704225352112676,0.5818181818181818,,,,0.5818181818181818,0.704225352112676
strict,final_5x2,3,severity_binary,all,none,mean,none,easy_ensemble,severity_binary|all|none|mean|none|easy_ensemble,ok,,126,126,55,0.6169014084507043,0.6190476190476191,0.620209945152737,0.6155606407322655,0.6226133256236975,0.6154819124715406,0.6190476190476191,0.6169014084507043,0.6480153649167734,0.6914647821789762,0.6338028169014085,0.6,,,,0.6,0.6338028169014085
strict,final_5x2,3,severity_binary,all,none,mean,none,catboost_balanced,severity_binary|all|none|mean|none|catboost_balanced,ok,,126,126,55,0.5784891165172855,0.5873015873015873,0.5863462669018223,0.5787037037037037,0.5856851571506521,0.5792194365469113,0.5873015873015873,0.5784891165172855,0.6256081946222792,0.6772993025925138,0.647887323943662,0.509090909090909,,,,0.509090909090909,0.647887323943662
strict,final_5x2,3,severity_binary,all,none,mean,none,rf_balanced,severity_binary|all|none|mean|none|rf_balanced,ok,,126,126,55,0.6500640204865558,0.6587301587301587,0.6574763797451518,0.6507895584917821,0.6569729069729069,0.6522869022869022,0.6587301587301587,0.6500640204865558,0.6629961587708068,0.7071777438422029,0.7183098591549296,0.5818181818181818,,,,0.5818181818181818,0.7183098591549296
strict,final_5x2,3,severity_binary,all,none,mean,none,extra_trees,severity_binary|all|none|mean|none|extra_trees,ok,,126,126,55,0.5673495518565941,0.5793650793650794,0.5765036173199438,0.5673469387755102,0.5754594820384294,0.5692105263157895,0.5793650793650794,0.5673495518565941,0.6110115236875799,0.6944164397224243,0.6619718309859155,0.4727272727272727,,,,0.4727272727272727,0.6619718309859155
strict,final_5x2,4,severity_binary,all,none,gain,random_over,balanced_rf,severity_binary|all|none|gain|random_over|balanced_rf,ok,,142,126,55,0.6273148148148149,0.6428571428571429,0.6387590509287447,0.628221100255721,0.6386826209072372,0.6333153784002155,0.6428571428571429,0.6273148148148149,0.7119341563786009,0.7690541550497699,0.7361111111111112,0.5185185185185185,,,,0.5185185185185185,0.7361111111111112
strict,final_5x2,4,severity_binary,all,none,gain,smote,balanced_rf,severity_binary|all|none|gain|smote|balanced_rf,ok,,142,126,55,0.625,0.6428571428571429,0.6371275783040489,0.625668449197861,0.6380952380952382,0.6333333333333333,0.6428571428571429,0.625,0.7025462962962963,0.7716050190042558,0.75,0.5,,,,0.5,0.75
strict,final_5x2,4,severity_binary,all,none,gain,random_over,rf_balanced,severity_binary|all|none|gain|random_over|rf_balanced,ok,,142,126,55,0.6666666666666667,0.6825396825396826,0.6781954887218045,0.6684210526315789,0.6795031055900621,0.6760869565217391,0.6825396825396826,0.6666666666666667,0.7165637860082303,0.7933946300466641,0.7777777777777778,0.5555555555555556,,,,0.5555555555555556,0.7777777777777778
strict,final_5x2,4,severity_binary,all,none,gain,smote,catboost_balanced,severity_binary|all|none|gain|smote|catboost_balanced,ok,,142,126,55,0.6458333333333334,0.6587301587301587,0.6561729142037996,0.6469668339089072,0.655711635303472,0.6502782931354361,0.6587301587301587,0.6458333333333334,0.7227366255144032,0.8041351720628169,0.7361111111111112,0.5555555555555556,,,,0.5555555555555556,0.7361111111111112
strict,final_5x2,4,severity_binary,all,none,gain,adasyn,rf_balanced,severity_binary|all|none|gain|adasyn|rf_balanced,ok,,128,126,55,0.6435185185185186,0.6587301587301587,0.6548142042208005,0.6447446069110222,0.6550344349967296,0.6502827901966065,0.6587301587301587,0.6435185185185186,0.7109053497942387,0.7608959568674076,0.75,0.5370370370370371,,,,0.5370370370370371,0.75
strict,final_5x2,4,severity_binary,missing_indicators,none,mean,smote,rf_balanced,severity_binary|missing_indicators|none|mean|smote|rf_balanced,ok,,142,126,108,0.6180555555555556,0.6349206349206349,0.6299248120300752,0.6186842105263157,0.6301242236024845,0.6247282608695652,0.6349206349206349,0.6180555555555556,0.7175925925925924,0.7445497414102044,0.7361111111111112,0.5,,,,0.5,0.7361111111111112
strict,final_5x2,4,severity_binary,all,none,gain,none,balanced_rf,severity_binary|all|none|gain|none|balanced_rf,ok,,126,126,55,0.6597222222222223,0.6666666666666666,0.6666666666666666,0.6597222222222223,0.6666666666666666,0.6597222222222223,0.6666666666666666,0.6597222222222223,0.715920781893004,0.774937172395941,0.7083333333333334,0.6111111111111112,,,,0.6111111111111112,0.7083333333333334
strict,final_5x2,4,severity_binary,drop_gt50_missing,none,gain,none,catboost_balanced,severity_binary|drop_gt50_missing|none|gain|none|catboost_balanced,ok,,126,126,42,0.5949074074074074,0.6111111111111112,0.6066487443446331,0.5951740869451183,0.6059789927282522,0.5993805548074334,0.6111111111111112,0.5949074074074074,0.6954732510288065,0.7511540125920135,0.7083333333333334,0.48148148148148145,,,,0.48148148148148145,0.7083333333333334
strict,final_5x2,4,severity_binary,missing_indicators,none,raw,none,catboost_balanced,severity_binary|missing_indicators|none|raw|none|catboost_balanced,ok,,126,126,108,0.6666666666666667,0.6825396825396826,0.6781954887218045,0.6684210526315789,0.6795031055900621,0.6760869565217391,0.6825396825396826,0.6666666666666667,0.7417695473251029,0.8009548159718762,0.7777777777777778,0.5555555555555556,,,,0.5555555555555556,0.7777777777777778
strict,final_5x2,4,severity_binary,drop_gt50_missing,none,raw,none,catboost_balanced,severity_binary|drop_gt50_missing|none|raw|none|catboost_balanced,ok,,126,126,42,0.6689814814814814,0.6825396825396826,0.6795518207282913,0.6705882352941176,0.6797161172161172,0.6754807692307693,0.6825396825396826,0.6689814814814814,0.7335390946502057,0.7877720185608555,0.7638888888888888,0.5740740740740741,,,,0.5740740740740741,0.7638888888888888
strict,final_5x2,4,severity_binary,all,none,gain,random_over,catboost_balanced,severity_binary|all|none|gain|random_over|catboost_balanced,ok,,142,126,55,0.6458333333333334,0.6587301587301587,0.6561729142037996,0.6469668339089072,0.655711635303472,0.6502782931354361,0.6587301587301587,0.6458333333333334,0.7204218106995885,0.7951301353468911,0.7361111111111112,0.5555555555555556,,,,0.5555555555555556,0.7361111111111112
strict,final_5x2,4,severity_binary,all,none,gain,smote,rf_balanced,severity_binary|all|none|gain|smote|rf_balanced,ok,,142,126,55,0.6296296296296297,0.6428571428571429,0.6401809567249066,0.6305466866488565,0.6395441293400477,0.6335807050092764,0.6428571428571429,0.6296296296296297,0.7227366255144032,0.801982564257395,0.7222222222222222,0.5370370370370371,,,,0.5370370370370371,0.7222222222222222
strict,final_5x2,4,severity_binary,all,none,mean,none,balanced_rf,severity_binary|all|none|mean|none|balanced_rf,ok,,126,126,55,0.6435185185185186,0.6587301587301587,0.6548142042208005,0.6447446069110222,0.6550344349967296,0.6502827901966065,0.6587301587301587,0.6435185185185186,0.7217078189300412,0.748707180531337,0.75,0.5370370370370371,,,,0.5370370370370371,0.75
strict,final_5x2,4,severity_binary,all,none,mean,none,easy_ensemble,severity_binary|all|none|mean|none|easy_ensemble,ok,,126,126,55,0.6087962962962963,0.6190476190476191,0.6180629915445114,0.6092013440165418,0.6173893673893673,0.6099272349272349,0.6190476190476191,0.6087962962962963,0.6877572016460906,0.7449976954739265,0.6805555555555556,0.5370370370370371,,,,0.5370370370370371,0.6805555555555556
strict,final_5x2,4,severity_binary,all,none,mean,none,catboost_balanced,severity_binary|all|none|mean|none|catboost_balanced,ok,,126,126,55,0.6319444444444444,0.6507936507936508,0.6443148688046647,0.6326530612244898,0.6462622743110549,0.6421840354767184,0.6507936507936508,0.6319444444444444,0.7062757201646092,0.7491552052009927,0.7638888888888888,0.5,,,,0.5,0.7638888888888888
strict,final_5x2,4,severity_binary,all,none,mean,none,rf_balanced,severity_binary|all|none|mean|none|rf_balanced,ok,,126,126,55,0.6203703703703703,0.6428571428571429,0.6332072218763469,0.619845792826014,0.6377946300471409,0.6342898134863701,0.6428571428571429,0.6203703703703703,0.7178497942386831,0.7453266302854393,0.7777777777777778,0.46296296296296297,,,,0.46296296296296297,0.7777777777777778
strict,final_5x2,4,severity_binary,all,none,mean,none,extra_trees,severity_binary|all|none|mean|none|extra_trees,ok,,126,126,55,0.6527777777777778,0.6746031746031746,0.6658110243762272,0.6536372779081461,0.672145931543349,0.6704447632711621,0.6746031746031746,0.6527777777777778,0.7139917695473251,0.7426181090740515,0.8055555555555556,0.5,,,,0.5,0.8055555555555556
strict,final_5x2,5,severity_binary,all,none,gain,random_over,balanced_rf,severity_binary|all|none|gain|random_over|balanced_rf,ok,,144,126,55,0.6439180537772087,0.6587301587301587,0.6536953600752695,0.6447446069110222,0.6555469289164941,0.6527173913043478,0.6587301587301587,0.6439180537772087,0.70550576184379,0.7309314961929207,0.7605633802816901,0.5272727272727272,,,,0.5272727272727272,0.7605633802816901
strict,final_5x2,5,severity_binary,all,none,gain,smote,balanced_rf,severity_binary|all|none|gain|smote|balanced_rf,ok,,144,126,55,0.6439180537772087,0.6587301587301587,0.6536953600752695,0.6447446069110222,0.6555469289164941,0.6527173913043478,0.6587301587301587,0.6439180537772087,0.6909090909090909,0.7242624204595588,0.7605633802816901,0.5272727272727272,,,,0.5272727272727272,0.7605633802816901
strict,final_5x2,5,severity_binary,all,none,gain,random_over,rf_balanced,severity_binary|all|none|gain|random_over|rf_balanced,ok,,144,126,55,0.6509603072983354,0.6666666666666666,0.6609649122807018,0.6518421052631579,0.663923182441701,0.6617283950617284,0.6666666666666666,0.6509603072983354,0.7218950064020486,0.7494380418368674,0.7746478873239436,0.5272727272727272,,,,0.5272727272727272,0.7746478873239436
strict,final_5x2,5,severity_binary,all,none,gain,smote,catboost_balanced,severity_binary|all|none|gain|smote|catboost_balanced,ok,,144,126,55,0.6107554417413572,0.6190476190476191,0.6181657848324514,0.6111111111111112,0.6175952934805351,0.6117859912121995,0.6190476190476191,0.6107554417413572,0.6988476312419974,0.7417887751526673,0.676056338028169,0.5454545454545454,,,,0.5454545454545454,0.676056338028169
strict,final_5x2,5,severity_binary,all,none,gain,adasyn,rf_balanced,severity_binary|all|none|gain|adasyn|rf_balanced,ok,,133,126,55,0.6368758002560819,0.6507936507936508,0.646411453470277,0.6376470588235295,0.6473736635331033,0.643953676272556,0.6507936507936508,0.6368758002560819,0.6965428937259922,0.7583301159680155,0.7464788732394366,0.5272727272727272,,,,0.5272727272727272,0.7464788732394366
strict,final_5x2,5,severity_binary,missing_indicators,none,mean,smote,rf_balanced,severity_binary|missing_indicators|none|mean|smote|rf_balanced,ok,,144,126,108,0.6843790012804097,0.6904761904761905,0.6901386075698003,0.6847372810675563,0.6898883009994121,0.6851851851851851,0.6904761904761905,0.6843790012804097,0.6971830985915494,0.7274484595259942,0.7323943661971831,0.6363636363636364,,,,0.6363636363636364,0.7323943661971831
strict,final_5x2,5,severity_binary,all,none,gain,none,balanced_rf,severity_binary|all|none|gain|none|balanced_rf,ok,,126,126,55,0.626888604353393,0.6349206349206349,0.634075543797766,0.6273148148148149,0.6335503616454767,0.6280692685448437,0.6349206349206349,0.626888604353393,0.6834827144686298,0.726441620953053,0.6901408450704225,0.5636363636363636,,,,0.5636363636363636,0.6901408450704225
strict,final_5x2,5,severity_binary,drop_gt50_missing,none,gain,none,catboost_balanced,severity_binary|drop_gt50_missing|none|gain|none|catboost_balanced,ok,,126,126,44,0.6512163892445583,0.6507936507936508,0.652121768247529,0.648580121703854,0.6563902399967974,0.6489281210592686,0.6507936507936508,0.6512163892445583,0.7149807938540332,0.7599966547986001,0.647887323943662,0.6545454545454545,,,,0.6545454545454545,0.647887323943662
strict,final_5x2,5,severity_binary,missing_indicators,none,raw,none,catboost_balanced,severity_binary|missing_indicators|none|raw|none|catboost_balanced,ok,,126,126,108,0.6732394366197183,0.6825396825396826,0.6808986367011697,0.6743344533471181,0.6806473700591348,0.6768627450980392,0.6825396825396826,0.6732394366197183,0.6939820742637645,0.7215757847673954,0.7464788732394366,0.6,,,,0.6,0.7464788732394366
strict,final_5x2,5,severity_binary,drop_gt50_missing,none,raw,none,catboost_balanced,severity_binary|drop_gt50_missing|none|raw|none|catboost_balanced,ok,,126,126,44,0.6612035851472471,0.6666666666666666,0.6666666666666666,0.6612035851472471,0.6666666666666666,0.6612035851472471,0.6666666666666666,0.6612035851472471,0.7038412291933418,0.7303622870001354,0.704225352112676,0.6181818181818182,,,,0.6181818181818182,0.704225352112676
strict,final_5x2,5,severity_binary,all,none,gain,random_over,catboost_balanced,severity_binary|all|none|gain|random_over|catboost_balanced,ok,,144,126,55,0.6641485275288093,0.6746031746031746,0.6723895907569377,0.6653061224489796,0.6723266499582289,0.6686842105263158,0.6746031746031746,0.6641485275288093,0.7282970550576184,0.7547086582843667,0.7464788732394366,0.5818181818181818,,,,0.5818181818181818,0.7464788732394366
strict,final_5x2,5,severity_binary,all,none,gain,smote,rf_balanced,severity_binary|all|none|gain|smote|rf_balanced,ok,,144,126,55,0.6480153649167734,0.6587301587301587,0.6564085951841053,0.6489795918367347,0.6561821219715958,0.6521052631578947,0.6587301587301587,0.6480153649167734,0.6962868117797695,0.7294830995730138,0.7323943661971831,0.5636363636363636,,,,0.5636363636363636,0.7323943661971831
strict,final_5x2,5,severity_binary,all,none,mean,none,balanced_rf,severity_binary|all|none|mean|none|balanced_rf,ok,,126,126,55,0.7107554417413573,0.7063492063492064,0.7075180949572811,0.7054400707651481,0.7158898169482847,0.7074092741935484,0.7063492063492064,0.7107554417413573,0.72202304737516,0.7512862820002474,0.676056338028169,0.7454545454545455,,,,0.7454545454545455,0.676056338028169
strict,final_5x2,5,severity_binary,all,none,mean,none,easy_ensemble,severity_binary|all|none|mean|none|easy_ensemble,ok,,126,126,55,0.6937259923175416,0.6825396825396826,0.6825396825396826,0.6825396825396826,0.7049123020954008,0.6937259923175416,0.6825396825396826,0.6937259923175416,0.7183098591549295,0.7581173332317694,0.6056338028169014,0.7818181818181819,,,,0.7818181818181819,0.6056338028169014
strict,final_5x2,5,severity_binary,all,none,mean,none,catboost_balanced,severity_binary|all|none|mean|none|catboost_balanced,ok,,126,126,55,0.655313700384123,0.6507936507936508,0.6521164021164021,0.6499999999999999,0.6616425468884486,0.6529634300126104,0.6507936507936508,0.655313700384123,0.7161331626120359,0.7477284733747702,0.6197183098591549,0.6909090909090909,,,,0.6909090909090909,0.6197183098591549
strict,final_5x2,5,severity_binary,all,none,mean,none,rf_balanced,severity_binary|all|none|mean|none|rf_balanced,ok,,126,126,55,0.652112676056338,0.6587301587301587,0.6583579519359336,0.6524026432283313,0.6580687830687831,0.6527777777777778,0.6587301587301587,0.652112676056338,0.6943661971830986,0.7208815732951785,0.704225352112676,0.6,,,,0.6,0.704225352112676
strict,final_5x2,5,severity_binary,all,none,mean,none,extra_trees,severity_binary|all|none|mean|none|extra_trees,ok,,126,126,55,0.6139564660691421,0.6111111111111112,0.61265909872721,0.609907120743034,0.6204357078853047,0.6121471774193548,0.6111111111111112,0.6139564660691421,0.6781049935979513,0.7286551166666899,0.5915492957746479,0.6363636363636364,,,,0.6363636363636364,0.5915492957746479
strict,final_5x2,6,severity_binary,all,none,gain,random_over,balanced_rf,severity_binary|all|none|gain|random_over|balanced_rf,ok,,142,126,55,0.6550925925925926,0.6666666666666666,0.6647609147609147,0.6561850311850312,0.6642105263157895,0.6586842105263158,0.6666666666666666,0.6550925925925926,0.6997170781893004,0.7376124105431157,0.7361111111111112,0.5740740740740741,,,,0.5740740740740741,0.7361111111111112
strict,final_5x2,6,severity_binary,all,none,gain,smote,balanced_rf,severity_binary|all|none|gain|smote|balanced_rf,ok,,142,126,55,0.6944444444444444,0.6984126984126984,0.6990305469178708,0.6934699103713189,0.7000000000000001,0.6928571428571428,0.6984126984126984,0.6944444444444444,0.69945987654321,0.732203734018702,0.7222222222222222,0.6666666666666666,,,,0.6666666666666666,0.7222222222222222
strict,final_5x2,6,severity_binary,all,none,gain,random_over,rf_balanced,severity_binary|all|none|gain|random_over|rf_balanced,ok,,142,126,55,0.662037037037037,0.6746031746031746,0.6721648716826928,0.6633869811689581,0.6718791412668965,0.6669758812615956,0.6746031746031746,0.662037037037037,0.7083333333333334,0.7444253950560795,0.75,0.5740740740740741,,,,0.5740740740740741,0.75
strict,final_5x2,6,severity_binary,all,none,gain,smote,catboost_balanced,severity_binary|all|none|gain|smote|catboost_balanced,ok,,142,126,55,0.6296296296296295,0.6349206349206349,0.6356685567953173,0.6289372599231754,0.636734693877551,0.6285714285714286,0.6349206349206349,0.6296296296296295,0.6805555555555556,0.722017277951621,0.6666666666666666,0.5925925925925926,,,,0.5925925925925926,0.6666666666666666
strict,final_5x2,6,severity_binary,all,none,gain,adasyn,rf_balanced,severity_binary|all|none|gain|adasyn|rf_balanced,ok,,134,126,55,0.6412037037037037,0.6507936507936508,0.6498910755824686,0.6417678986818299,0.6493168993168994,0.6426715176715176,0.6507936507936508,0.6412037037037037,0.6975308641975309,0.748922796297276,0.7083333333333334,0.5740740740740741,,,,0.5740740740740741,0.7083333333333334
strict,final_5x2,6,severity_binary,missing_indicators,none,mean,smote,rf_balanced,severity_binary|missing_indicators|none|mean|smote|rf_balanced,ok,,142,126,108,0.6597222222222222,0.6746031746031746,0.6708693575128563,0.6612681135663234,0.6713862490862222,0.6672502019929976,0.6746031746031746,0.6597222222222222,0.7193930041152264,0.7706431676190328,0.7638888888888888,0.5555555555555556,,,,0.5555555555555556,0.7638888888888888
strict,final_5x2,6,severity_binary,all,none,gain,none,balanced_rf,severity_binary|all|none|gain|none|balanced_rf,ok,,126,126,55,0.6550925925925926,0.6587301587301587,0.6597113831156384,0.6538240368027601,0.6614361991936363,0.6533180778032037,0.6587301587301587,0.6550925925925926,0.7026748971193415,0.7455943339152231,0.6805555555555556,0.6296296296296297,,,,0.6296296296296297,0.6805555555555556
strict,final_5x2,6,severity_binary,drop_gt50_missing,none,gain,none,catboost_balanced,severity_binary|drop_gt50_missing|none|gain|none|catboost_balanced,ok,,126,126,43,0.6875,0.6904761904761905,0.6913661381746489,0.6860264519838988,0.6930369401765282,0.6853546910755148,0.6904761904761905,0.6875,0.7451131687242798,0.7575539737176373,0.7083333333333334,0.6666666666666666,,,,0.6666666666666666,0.7083333333333334
strict,final_5x2,6,severity_binary,missing_indicators,none,raw,none,catboost_balanced,severity_binary|missing_indicators|none|raw|none|catboost_balanced,ok,,126,126,108,0.6782407407407407,0.6825396825396826,0.6831900493872325,0.677336747759283,0.6841836734693877,0.6767857142857143,0.6825396825396826,0.6782407407407407,0.7584876543209876,0.8052693900446697,0.7083333333333334,0.6481481481481481,,,,0.6481481481481481,0.7083333333333334
strict,final_5x2,6,severity_binary,drop_gt50_missing,none,raw,none,catboost_balanced,severity_binary|drop_gt50_missing|none|raw|none|catboost_balanced,ok,,126,126,43,0.6666666666666667,0.6746031746031746,0.6742046867087149,0.6670319046084434,0.6738913709707197,0.6674851382786249,0.6746031746031746,0.6666666666666667,0.7510288065843621,0.7860222302596258,0.7222222222222222,0.6111111111111112,,,,0.6111111111111112,0.7222222222222222
strict,final_5x2,6,severity_binary,all,none,gain,random_over,catboost_balanced,severity_binary|all|none|gain|random_over|catboost_balanced,ok,,142,126,55,0.6481481481481481,0.6587301587301587,0.6573372206025268,0.6489795918367347,0.6566946778711485,0.6505882352941177,0.6587301587301587,0.6481481481481481,0.6916152263374485,0.7286063263068863,0.7222222222222222,0.5740740740740741,,,,0.5740740740740741,0.7222222222222222
strict,final_5x2,6,severity_binary,all,none,gain,smote,rf_balanced,severity_binary|all|none|gain|smote|rf_balanced,ok,,142,126,55,0.6805555555555556,0.6825396825396826,0.6836734693877551,0.6785714285714286,0.6861779194436395,0.6779918864097363,0.6825396825396826,0.6805555555555556,0.7157921810699588,0.7559992630588956,0.6944444444444444,0.6666666666666666,,,,0.6666666666666666,0.6944444444444444
strict,final_5x2,6,severity_binary,all,none,mean,none,balanced_rf,severity_binary|all|none|mean|none|balanced_rf,ok,,126,126,55,0.662037037037037,0.6666666666666666,0.6673495518565941,0.6612035851472471,0.6683673469387755,0.6607142857142857,0.6666666666666666,0.662037037037037,0.7178497942386831,0.7641045083874436,0.6944444444444444,0.6296296296296297,,,,0.6296296296296297,0.6944444444444444
strict,final_5x2,6,severity_binary,all,none,mean,none,easy_ensemble,severity_binary|all|none|mean|none|easy_ensemble,ok,,126,126,55,0.625,0.6190476190476191,0.6207792207792208,0.6181818181818182,0.6337662337662336,0.6227272727272727,0.6190476190476191,0.625,0.6549639917695472,0.7015479114767548,0.5833333333333334,0.6666666666666666,,,,0.6666666666666666,0.5833333333333334
strict,final_5x2,6,severity_binary,all,none,mean,none,catboost_balanced,severity_binary|all|none|mean|none|catboost_balanced,ok,,126,126,55,0.625,0.6349206349206349,0.63397703356349,0.6254846213491858,0.6333531333531333,0.6262993762993763,0.6349206349206349,0.625,0.717335390946502,0.7651909855613444,0.6944444444444444,0.5555555555555556,,,,0.5555555555555556,0.6944444444444444
strict,final_5x2,6,severity_binary,all,none,mean,none,rf_balanced,severity_binary|all|none|mean|none|rf_balanced,ok,,126,126,55,0.6805555555555556,0.6984126984126984,0.6928173866949378,0.6827458256029685,0.6963889768767817,0.6945676274944568,0.6984126984126984,0.6805555555555556,0.7399691358024691,0.7848201517975385,0.8055555555555556,0.5555555555555556,,,,0.5555555555555556,0.8055555555555556
strict,final_5x2,6,severity_binary,all,none,mean,none,extra_trees,severity_binary|all|none|mean|none|extra_trees,ok,,126,126,55,0.6365740740740742,0.6507936507936508,0.6475070028011205,0.6376470588235295,0.6472069597069597,0.6418269230769231,0.6507936507936508,0.6365740740740742,0.7186213991769548,0.770813960912502,0.7361111111111112,0.5370370370370371,,,,0.5370370370370371,0.7361111111111112
strict,final_5x2,7,severity_binary,all,none,gain,random_over,balanced_rf,severity_binary|all|none|gain|random_over|balanced_rf,ok,,144,126,55,0.6702944942381561,0.6746031746031746,0.6749150366171643,0.6699252443933295,0.6753117913832201,0.6696428571428572,0.6746031746031746,0.6702944942381561,0.7577464788732395,0.7910869931634956,0.704225352112676,0.6363636363636364,,,,0.6363636363636364,0.704225352112676
strict,final_5x2,7,severity_binary,all,none,gain,smote,balanced_rf,severity_binary|all|none|gain|smote|balanced_rf,ok,,144,126,55,0.7066581306017925,0.7063492063492064,0.7073743281296438,0.7040939384322438,0.7106180856180856,0.7037878787878789,0.7063492063492064,0.7066581306017925,0.7462227912932139,0.7854821970461383,0.704225352112676,0.7090909090909091,,,,0.7090909090909091,0.704225352112676
strict,final_5x2,7,severity_binary,all,none,gain,random_over,rf_balanced,severity_binary|all|none|gain|random_over|rf_balanced,ok,,144,126,55,0.7166453265044814,0.7222222222222222,0.7219192632036668,0.7170719189067813,0.7217078189300412,0.7175925925925926,0.7222222222222222,0.7166453265044814,0.7528809218950063,0.7805388395501665,0.7605633802816901,0.6727272727272727,,,,0.6727272727272727,0.7605633802816901
strict,final_5x2,7,severity_binary,all,none,gain,smote,catboost_balanced,severity_binary|all|none|gain|smote|catboost_balanced,ok,,144,126,55,0.6623559539052497,0.6587301587301587,0.6600885968422456,0.6576735957540911,0.6681627624167946,0.6597782258064516,0.6587301587301587,0.6623559539052497,0.7303457106274007,0.7660195023838576,0.6338028169014085,0.6909090909090909,,,,0.6909090909090909,0.6338028169014085
strict,final_5x2,7,severity_binary,all,none,gain,adasyn,rf_balanced,severity_binary|all|none|gain|adasyn|rf_balanced,ok,,131,126,55,0.6934699103713189,0.6984126984126984,0.6984126984126984,0.6934699103713189,0.6984126984126984,0.6934699103713189,0.6984126984126984,0.6934699103713189,0.731113956466069,0.7765451051989417,0.7323943661971831,0.6545454545454545,,,,0.6545454545454545,0.7323943661971831
strict,final_5x2,7,severity_binary,missing_indicators,none,mean,smote,rf_balanced,severity_binary|missing_indicators|none|mean|smote|rf_balanced,ok,,144,126,108,0.6723431498079385,0.6746031746031746,0.6754111249559139,0.6711020564079709,0.6769817122251199,0.6706389452332657,0.6746031746031746,0.6723431498079385,0.7398207426376441,0.7852316462152362,0.6901408450704225,0.6545454545454545,,,,0.6545454545454545,0.6901408450704225
strict,final_5x2,7,severity_binary,all,none,gain,none,balanced_rf,severity_binary|all|none|gain|none|balanced_rf,ok,,126,126,55,0.6714468629961587,0.6666666666666666,0.6679292929292929,0.6659090909090909,0.6775956284153006,0.6688524590163935,0.6666666666666666,0.6714468629961587,0.742381562099872,0.7793338283621768,0.6338028169014085,0.7090909090909091,,,,0.7090909090909091,0.6338028169014085
strict,final_5x2,7,severity_binary,drop_gt50_missing,none,gain,none,catboost_balanced,severity_binary|drop_gt50_missing|none|gain|none|catboost_balanced,ok,,126,126,43,0.6743918053777209,0.6746031746031746,0.6757391203598757,0.6721040939384322,0.678992303992304,0.671969696969697,0.6746031746031746,0.6743918053777209,0.7490396927016645,0.7969158173441759,0.676056338028169,0.6727272727272727,,,,0.6727272727272727,0.676056338028169
strict,final_5x2,7,severity_binary,missing_indicators,none,raw,none,catboost_balanced,severity_binary|missing_indicators|none|raw|none|catboost_balanced,ok,,126,126,108,0.6562099871959026,0.6587301587301587,0.6595775212952267,0.6550582542815305,0.6611690653272804,0.6546653144016228,0.6587301587301587,0.6562099871959026,0.7492957746478872,0.791085145602078,0.676056338028169,0.6363636363636364,,,,0.6363636363636364,0.676056338028169
strict,final_5x2,7,severity_binary,drop_gt50_missing,none,raw,none,catboost_balanced,severity_binary|drop_gt50_missing|none|raw|none|catboost_balanced,ok,,126,126,43,0.6743918053777209,0.6746031746031746,0.6757391203598757,0.6721040939384322,0.678992303992304,0.671969696969697,0.6746031746031746,0.6743918053777209,0.7597951344430217,0.7875926168506475,0.676056338028169,0.6727272727272727,,,,0.6727272727272727,0.676056338028169
strict,final_5x2,7,severity_binary,all,none,gain,random_over,catboost_balanced,severity_binary|all|none|gain|random_over|catboost_balanced,ok,,144,126,55,0.7034571062740076,0.7142857142857143,0.7118354618354619,0.7053014553014554,0.7126954677975087,0.7105751391465678,0.7142857142857143,0.7034571062740076,0.7641485275288092,0.7984109204362284,0.7887323943661971,0.6181818181818182,,,,0.6181818181818182,0.7887323943661971
strict,final_5x2,7,severity_binary,all,none,gain,smote,rf_balanced,severity_binary|all|none|gain|smote|rf_balanced,ok,,144,126,55,0.6784891165172855,0.6746031746031746,0.6758984295472575,0.6735957540911102,0.6840717805939581,0.6756552419354839,0.6746031746031746,0.6784891165172855,0.7457106274007682,0.7911180935391314,0.647887323943662,0.7090909090909091,,,,0.7090909090909091,0.647887323943662
strict,final_5x2,7,severity_binary,all,none,mean,none,balanced_rf,severity_binary|all|none|mean|none|balanced_rf,ok,,126,126,55,0.7218950064020486,0.7142857142857143,0.7151504233471447,0.7139974779319042,0.7290303928300387,0.7192006071338224,0.7142857142857143,0.7218950064020486,0.7375160051216391,0.813278608202171,0.6619718309859155,0.7818181818181819,,,,0.7818181818181819,0.6619718309859155
strict,final_5x2,7,severity_binary,all,none,mean,none,easy_ensemble,severity_binary|all|none|mean|none|easy_ensemble,ok,,126,126,55,0.6676056338028169,0.6507936507936508,0.6478835978835978,0.6499999999999999,0.6864269517330742,0.673469387755102,0.6507936507936508,0.6676056338028169,0.7253521126760563,0.7966676403762691,0.5352112676056338,0.8,,,,0.8,0.5352112676056338
strict,final_5x2,7,severity_binary,all,none,mean,none,catboost_balanced,severity_binary|all|none|mean|none|catboost_balanced,ok,,126,126,55,0.6653008962868118,0.6666666666666666,0.6676837020086448,0.6636155606407322,0.6700396323467408,0.6632937009865925,0.6666666666666666,0.6653008962868118,0.7321382842509603,0.801002460665815,0.676056338028169,0.6545454545454545,,,,0.6545454545454545,0.676056338028169
strict,final_5x2,7,severity_binary,all,none,mean,none,rf_balanced,severity_binary|all|none|mean|none|rf_balanced,ok,,126,126,55,0.626888604353393,0.6349206349206349,0.634075543797766,0.6273148148148149,0.6335503616454767,0.6280692685448437,0.6349206349206349,0.626888604353393,0.7344430217669654,0.8009523794208128,0.6901408450704225,0.5636363636363636,,,,0.5636363636363636,0.6901408450704225
strict,final_5x2,7,severity_binary,all,none,mean,none,extra_trees,severity_binary|all|none|mean|none|extra_trees,ok,,126,126,55,0.6884763124199744,0.6904761904761905,0.6912447286166011,0.6871458585344115,0.6927943591229595,0.6866125760649088,0.6904761904761905,0.6884763124199744,0.7280409731113957,0.7930327137888168,0.704225352112676,0.6727272727272727,,,,0.6727272727272727,0.704225352112676
strict,final_5x2,8,severity_binary,all,none,gain,random_over,balanced_rf,severity_binary|all|none|gain|random_over|balanced_rf,ok,,142,126,55,0.6597222222222222,0.6746031746031746,0.6708693575128563,0.6612681135663234,0.6713862490862222,0.6672502019929976,0.6746031746031746,0.6597222222222222,0.7231224279835391,0.7854697323243206,0.7638888888888888,0.5555555555555556,,,,0.5555555555555556,0.7638888888888888
strict,final_5x2,8,severity_binary,all,none,gain,smote,balanced_rf,severity_binary|all|none|gain|smote|balanced_rf,ok,,142,126,55,0.6597222222222222,0.6746031746031746,0.6708693575128563,0.6612681135663234,0.6713862490862222,0.6672502019929976,0.6746031746031746,0.6597222222222222,0.7371399176954733,0.7988873411332608,0.7638888888888888,0.5555555555555556,,,,0.5555555555555556,0.7638888888888888
strict,final_5x2,8,severity_binary,all,none,gain,random_over,rf_balanced,severity_binary|all|none|gain|random_over|rf_balanced,ok,,142,126,55,0.6828703703703705,0.6904761904761905,0.690097141015607,0.6832742507251047,0.6898054129896983,0.6837684156112691,0.6904761904761905,0.6828703703703705,0.7254372427983539,0.7757794684658955,0.7361111111111112,0.6296296296296297,,,,0.6296296296296297,0.7361111111111112
strict,final_5x2,8,severity_binary,all,none,gain,smote,catboost_balanced,severity_binary|all|none|gain|smote|catboost_balanced,ok,,142,126,55,0.6805555555555556,0.6904761904761905,0.6892128279883382,0.6816326530612244,0.6887394957983193,0.6835294117647059,0.6904761904761905,0.6805555555555556,0.7371399176954732,0.8085069256502899,0.75,0.6111111111111112,,,,0.6111111111111112,0.75
strict,final_5x2,8,severity_binary,all,none,gain,adasyn,rf_balanced,severity_binary|all|none|gain|adasyn|rf_balanced,ok,,128,126,55,0.6574074074074074,0.6746031746031746,0.6693829046770223,0.6589423648247177,0.6712522045855379,0.6679012345679012,0.6746031746031746,0.6574074074074074,0.7358539094650206,0.7696529954306532,0.7777777777777778,0.5370370370370371,,,,0.5370370370370371,0.7777777777777778
strict,final_5x2,8,severity_binary,missing_indicators,none,mean,smote,rf_balanced,severity_binary|missing_indicators|none|mean|smote|rf_balanced,ok,,142,126,108,0.650462962962963,0.6666666666666666,0.6621052631578948,0.6518421052631579,0.6630434782608695,0.6589673913043479,0.6666666666666666,0.650462962962963,0.7440843621399177,0.8144902040975495,0.7638888888888888,0.5370370370370371,,,,0.5370370370370371,0.7638888888888888
strict,final_5x2,8,severity_binary,all,none,gain,none,balanced_rf,severity_binary|all|none|gain|none|balanced_rf,ok,,126,126,55,0.6643518518518519,0.6746031746031746,0.6732750242954326,0.6653061224489796,0.672717086834734,0.6670588235294117,0.6746031746031746,0.6643518518518519,0.7406121399176955,0.7960845005486853,0.7361111111111112,0.5925925925925926,,,,0.5925925925925926,0.7361111111111112
strict,final_5x2,8,severity_binary,drop_gt50_missing,none,gain,none,catboost_balanced,severity_binary|drop_gt50_missing|none|gain|none|catboost_balanced,ok,,126,126,43,0.6157407407407407,0.626984126984127,0.6254616132167152,0.616326530612245,0.6246498599439776,0.6176470588235294,0.626984126984127,0.6157407407407407,0.7055041152263374,0.7933087739643778,0.6944444444444444,0.5370370370370371,,,,0.5370370370370371,0.6944444444444444
strict,final_5x2,8,severity_binary,missing_indicators,none,raw,none,catboost_balanced,severity_binary|missing_indicators|none|raw|none|catboost_balanced,ok,,126,126,108,0.6527777777777778,0.6666666666666666,0.6635294117647058,0.6541176470588235,0.6634615384615384,0.6586538461538461,0.6666666666666666,0.6527777777777778,0.7551440329218108,0.8300246427560718,0.75,0.5555555555555556,,,,0.5555555555555556,0.75
strict,final_5x2,8,severity_binary,drop_gt50_missing,none,raw,none,catboost_balanced,severity_binary|drop_gt50_missing|none|raw|none|catboost_balanced,ok,,126,126,43,0.6967592592592593,0.7063492063492064,0.705150631681244,0.6979591836734694,0.7047619047619047,0.7,0.7063492063492064,0.6967592592592593,0.7487139917695474,0.8241158094603265,0.7638888888888888,0.6296296296296297,,,,0.6296296296296297,0.7638888888888888
strict,final_5x2,8,severity_binary,all,none,gain,random_over,catboost_balanced,severity_binary|all|none|gain|random_over|catboost_balanced,ok,,142,126,55,0.6342592592592593,0.6428571428571429,0.6424197780949312,0.6345472123751208,0.6420632869327622,0.6349185836133368,0.6428571428571429,0.6342592592592593,0.7309670781893004,0.8085075667793824,0.6944444444444444,0.5740740740740741,,,,0.5740740740740741,0.6944444444444444
strict,final_5x2,8,severity_binary,all,none,gain,smote,rf_balanced,severity_binary|all|none|gain|smote|rf_balanced,ok,,142,126,55,0.6689814814814814,0.6825396825396826,0.6795518207282913,0.6705882352941176,0.6797161172161172,0.6754807692307693,0.6825396825396826,0.6689814814814814,0.7505144032921811,0.7841538731539621,0.7638888888888888,0.5740740740740741,,,,0.5740740740740741,0.7638888888888888
strict,final_5x2,8,severity_binary,all,none,mean,none,balanced_rf,severity_binary|all|none|mean|none|balanced_rf,ok,,126,126,55,0.6666666666666667,0.6746031746031746,0.6742046867087149,0.6670319046084434,0.6738913709707197,0.6674851382786249,0.6746031746031746,0.6666666666666667,0.7354681069958848,0.7999079606916213,0.7222222222222222,0.6111111111111112,,,,0.6111111111111112,0.7222222222222222
strict,final_5x2,8,severity_binary,all,none,mean,none,easy_ensemble,severity_binary|all|none|mean|none|easy_ensemble,ok,,126,126,55,0.6342592592592593,0.6349206349206349,0.6365914786967419,0.631578947368421,0.6411255411255411,0.6318181818181818,0.6349206349206349,0.6342592592592593,0.6763117283950618,0.7475450471388199,0.6388888888888888,0.6296296296296297,,,,0.6296296296296297,0.6388888888888888
strict,final_5x2,8,severity_binary,all,none,mean,none,catboost_balanced,severity_binary|all|none|mean|none|catboost_balanced,ok,,126,126,55,0.6805555555555556,0.6904761904761905,0.6892128279883382,0.6816326530612244,0.6887394957983193,0.6835294117647059,0.6904761904761905,0.6805555555555556,0.7476851851851852,0.8132684356972505,0.75,0.6111111111111112,,,,0.6111111111111112,0.75
strict,final_5x2,8,severity_binary,all,none,mean,none,rf_balanced,severity_binary|all|none|mean|none|rf_balanced,ok,,126,126,55,0.6458333333333333,0.6666666666666666,0.6586538461538461,0.6466346153846154,0.663265306122449,0.6607142857142858,0.6666666666666666,0.6458333333333333,0.7368827160493826,0.7937923177115398,0.7916666666666666,0.5,,,,0.5,0.7916666666666666
strict,final_5x2,8,severity_binary,all,none,mean,none,extra_trees,severity_binary|all|none|mean|none|extra_trees,ok,,126,126,55,0.6597222222222222,0.6746031746031746,0.6708693575128563,0.6612681135663234,0.6713862490862222,0.6672502019929976,0.6746031746031746,0.6597222222222222,0.7317386831275721,0.8045119883249952,0.7638888888888888,0.5555555555555556,,,,0.5555555555555556,0.7638888888888888
strict,final_5x2,9,severity_binary,all,none,gain,random_over,balanced_rf,severity_binary|all|none|gain|random_over|balanced_rf,ok,,144,126,55,0.680281690140845,0.6904761904761905,0.68837058632977,0.6816326530612244,0.6884711779448622,0.6852631578947368,0.6904761904761905,0.680281690140845,0.7163892445582586,0.7354566977512325,0.7605633802816901,0.6,,,,0.6,0.7605633802816901
strict,final_5x2,9,severity_binary,all,none,gain,smote,balanced_rf,severity_binary|all|none|gain|smote|balanced_rf,ok,,144,126,55,0.6673495518565942,0.6666666666666666,0.6679344151453686,0.664553752535497,0.6722152164775115,0.6648171500630518,0.6666666666666666,0.6673495518565942,0.715236875800256,0.7512999471486466,0.6619718309859155,0.6727272727272727,,,,0.6727272727272727,0.6619718309859155
strict,final_5x2,9,severity_binary,all,none,gain,random_over,rf_balanced,severity_binary|all|none|gain|random_over|rf_balanced,ok,,144,126,55,0.6752880921895006,0.6825396825396826,0.6818048206937096,0.6759259259259259,0.6814155661403012,0.6769191005427759,0.6825396825396826,0.6752880921895006,0.7149807938540332,0.735116516799023,0.7323943661971831,0.6181818181818182,,,,0.6181818181818182,0.7323943661971831
strict,final_5x2,9,severity_binary,all,none,gain,smote,catboost_balanced,severity_binary|all|none|gain|smote|catboost_balanced,ok,,144,126,55,0.6189500640204866,0.6190476190476191,0.6204964744518496,0.6166328600405679,0.624740287035369,0.6171500630517024,0.6190476190476191,0.6189500640204866,0.6975672215108835,0.7287390030439233,0.6197183098591549,0.6181818181818182,,,,0.6181818181818182,0.6197183098591549
strict,final_5x2,9,severity_binary,all,none,gain,adasyn,rf_balanced,severity_binary|all|none|gain|adasyn|rf_balanced,ok,,130,126,55,0.677336747759283,0.6825396825396826,0.6825396825396826,0.677336747759283,0.6825396825396826,0.677336747759283,0.6825396825396826,0.677336747759283,0.7098591549295774,0.7338559512379175,0.7183098591549296,0.6363636363636364,,,,0.6363636363636364,0.7183098591549296
strict,final_5x2,9,severity_binary,missing_indicators,none,mean,smote,rf_balanced,severity_binary|missing_indicators|none|mean|smote|rf_balanced,ok,,144,126,108,0.6814340588988477,0.6825396825396826,0.6835082876272808,0.6796338672768879,0.685848401254422,0.6792309638249431,0.6825396825396826,0.6814340588988477,0.7093469910371318,0.7428810998233906,0.6901408450704225,0.6727272727272727,,,,0.6727272727272727,0.6901408450704225
strict,final_5x2,9,severity_binary,all,none,gain,none,balanced_rf,severity_binary|all|none|gain|none|balanced_rf,ok,,126,126,55,0.7157490396927016,0.7142857142857143,0.7153723558388874,0.712474645030426,0.7196901459196542,0.712484237074401,0.7142857142857143,0.7157490396927016,0.7226632522407169,0.7499854382225357,0.704225352112676,0.7272727272727273,,,,0.7272727272727273,0.704225352112676
strict,final_5x2,9,severity_binary,drop_gt50_missing,none,gain,none,catboost_balanced,severity_binary|drop_gt50_missing|none|gain|none|catboost_balanced,ok,,126,126,43,0.6814340588988477,0.6825396825396826,0.6835082876272808,0.6796338672768879,0.685848401254422,0.6792309638249431,0.6825396825396826,0.6814340588988477,0.7280409731113956,0.750132860370421,0.6901408450704225,0.6727272727272727,,,,0.6727272727272727,0.6901408450704225
strict,final_5x2,9,severity_binary,missing_indicators,none,raw,none,catboost_balanced,severity_binary|missing_indicators|none|raw|none|catboost_balanced,ok,,126,126,108,0.6421254801536491,0.6428571428571429,0.6441039125901075,0.6401142494446208,0.6473665223665225,0.6401515151515151,0.6428571428571429,0.6421254801536491,0.7124199743918054,0.7366226130142935,0.647887323943662,0.6363636363636364,,,,0.6363636363636364,0.647887323943662
strict,final_5x2,9,severity_binary,drop_gt50_missing,none,raw,none,catboost_balanced,severity_binary|drop_gt50_missing|none|raw|none|catboost_balanced,ok,,126,126,43,0.6421254801536491,0.6428571428571429,0.6441039125901075,0.6401142494446208,0.6473665223665225,0.6401515151515151,0.6428571428571429,0.6421254801536491,0.7083226632522407,0.7250805820354649,0.647887323943662,0.6363636363636364,,,,0.6363636363636364,0.647887323943662
strict,final_5x2,9,severity_binary,all,none,gain,random_over,catboost_balanced,severity_binary|all|none|gain|random_over|catboost_balanced,ok,,144,126,55,0.645966709346991,0.6587301587301587,0.6551500163932561,0.6469668339089072,0.6557030932030933,0.6522435897435898,0.6587301587301587,0.645966709346991,0.704225352112676,0.7081946565165054,0.7464788732394366,0.5454545454545454,,,,0.5454545454545454,0.7464788732394366
strict,final_5x2,9,severity_binary,all,none,gain,smote,rf_balanced,severity_binary|all|none|gain|smote|rf_balanced,ok,,144,126,55,0.6653008962868118,0.6666666666666666,0.6676837020086448,0.6636155606407322,0.6700396323467408,0.6632937009865925,0.6666666666666666,0.6653008962868118,0.7083226632522407,0.7304009157794383,0.676056338028169,0.6545454545454545,,,,0.6545454545454545,0.676056338028169
strict,final_5x2,9,severity_binary,all,none,mean,none,balanced_rf,severity_binary|all|none|mean|none|balanced_rf,ok,,126,126,55,0.7037131882202305,0.6984126984126984,0.6995550745550746,0.6977272727272728,0.7095017914690046,0.7006305170239596,0.6984126984126984,0.7037131882202305,0.7060179257362356,0.7415457715594553,0.6619718309859155,0.7454545454545455,,,,0.7454545454545455,0.6619718309859155
strict,final_5x2,9,severity_binary,all,none,mean,none,easy_ensemble,severity_binary|all|none|mean|none|easy_ensemble,ok,,126,126,55,0.6250960307298336,0.6190476190476191,0.6202005644628596,0.6186633039092055,0.632635852215918,0.6235770301037187,0.6190476190476191,0.6250960307298336,0.6676056338028169,0.7146478570915968,0.5774647887323944,0.6727272727272727,,,,0.6727272727272727,0.5774647887323944
strict,final_5x2,9,severity_binary,all,none,mean,none,catboost_balanced,severity_binary|all|none|mean|none|catboost_balanced,ok,,126,126,55,0.7087067861715749,0.7063492063492064,0.7075204630760187,0.7048433048433049,0.7130416346646186,0.7053931451612903,0.7063492063492064,0.7087067861715749,0.7175416133162611,0.7452693206668786,0.6901408450704225,0.7272727272727273,,,,0.7272727272727273,0.6901408450704225
strict,final_5x2,9,severity_binary,all,none,mean,none,rf_balanced,severity_binary|all|none|mean|none|rf_balanced,ok,,126,126,55,0.7096030729833547,0.7142857142857143,0.7142857142857143,0.7096030729833547,0.7142857142857143,0.7096030729833547,0.7142857142857143,0.7096030729833547,0.7308578745198463,0.759116354367537,0.7464788732394366,0.6727272727272727,,,,0.6727272727272727,0.7464788732394366
strict,final_5x2,9,severity_binary,all,none,mean,none,extra_trees,severity_binary|all|none|mean|none|extra_trees,ok,,126,126,55,0.658258642765685,0.6587301587301587,0.6599215164749916,0.6561091716915266,0.6631794131794132,0.656060606060606,0.6587301587301587,0.658258642765685,0.700640204865557,0.7357341579122314,0.6619718309859155,0.6545454545454545,,,,0.6545454545454545,0.6619718309859155
