lane,stage,target_variant,feature_variant,outlier_policy,imputation,synthesis,model,n_rows,n_success,n_folds,balanced_accuracy_mean,balanced_accuracy_std,accuracy_mean,accuracy_std,f1_weighted_mean,f1_weighted_std,f1_macro_mean,f1_macro_std,precision_weighted_mean,precision_weighted_std,precision_macro_mean,precision_macro_std,recall_weighted_mean,recall_weighted_std,recall_macro_mean,recall_macro_std,roc_auc_mean,roc_auc_std,pr_auc_mean,pr_auc_std,sensitivity_mean,sensitivity_std,specificity_mean,specificity_std,ordinal_mae_mean,ordinal_mae_std,adjacent_error_rate_mean,adjacent_error_rate_std,distant_error_rate_mean,distant_error_rate_std,n_train_mean,n_train_std,n_features_mean,n_features_std,recall_class_0_mean,recall_class_0_std,recall_class_1_mean,recall_class_1_std,recall_class_2_mean,recall_class_2_std,recall_class_3_mean,recall_class_3_std
strict,selection,severity_binary,drop_gt70_missing,none,mean,none,stacking,10,10,10,0.6951690550828482,0.06785017925398772,0.6942745098039216,0.0672724495486929,0.6944106649788634,0.06692688144940474,0.6907112232177328,0.06806355347144043,0.7032361290973206,0.06628662834767346,0.6950901909258687,0.06791633680215392,0.6942745098039216,0.0672724495486929,0.6951690550828482,0.06785017925398772,0.7192099567099567,0.05407191293390689,0.7584596295637296,0.056703284088810584,0.6890394088669951,0.08867802751635687,0.7012987012987013,0.10071074999373299,,,,,,,201.6,0.5163977794943222,47.0,0.0,0.7012987012987013,0.10071074999373299,0.6890394088669951,0.08867802751635687,,,,
strict,selection,severity_binary,drop_gt70_missing,none,softimpute,none,rf,10,10,10,0.6770824003582624,0.0377539247634845,0.6846274509803922,0.043624031101426326,0.6829252900555,0.0404444636295679,0.6766692312069548,0.03936121524896522,0.6888792111160398,0.046112339235772126,0.6844058093480883,0.05093223666338234,0.6846274509803922,0.043624031101426326,0.6770824003582624,0.0377539247634845,0.7019256605463502,0.05287581810883347,0.7617534925847884,0.05899196558892538,0.7307881773399015,0.09393609192350556,0.6233766233766234,0.06331143136646557,,,,,,,201.6,0.5163977794943222,47.0,0.0,0.6233766233766234,0.06331143136646557,0.7307881773399015,0.09393609192350556,,,,
strict,selection,severity_binary,drop_gt70_missing,none,gain,none,stacking,10,10,10,0.6769405881474847,0.04836878319810432,0.6785490196078431,0.05226177467710372,0.6785916901406762,0.05075115934540717,0.6741887215861943,0.05036875653502758,0.6853419232144911,0.048721705279529084,0.6782524074280416,0.05208391651437936,0.6785490196078431,0.05226177467710372,0.6769405881474847,0.04836878319810432,0.7226190476190476,0.0527353238795659,0.7678404435850655,0.0540713949835923,0.6891625615763546,0.09444241824561168,0.6647186147186147,0.05983194545345164,,,,,,,201.6,0.5163977794943222,47.0,0.0,0.6647186147186147,0.05983194545345164,0.6891625615763546,0.09444241824561168,,,,
strict,selection,severity_binary,all,none,raw,none,catboost,10,10,10,0.6756512165994925,0.03469817924024776,0.6806666666666666,0.03669737625590779,0.6800520465673429,0.0361755323267405,0.6744376132165323,0.03625160386756518,0.6835150186922243,0.03458670028387903,0.6773974432016994,0.03669171027345839,0.6806666666666666,0.03669737625590779,0.6756512165994925,0.03469817924024776,0.7234661889834304,0.049607673347295204,0.7619296055136058,0.05222178901888388,0.7134236453201971,0.07058857670677639,0.6378787878787879,0.06037413536270145,,,,,,,201.6,0.5163977794943222,55.0,0.0,0.6378787878787879,0.06037413536270145,0.7134236453201971,0.07058857670677639,,,,
strict,selection,severity_binary,drop_gt70_missing,none,mice,tvae,catboost,10,10,10,0.6749850723988655,0.046727975721171336,0.6766274509803922,0.04033403182955635,0.6767283194459704,0.04135846955221116,0.6718643407763205,0.04448325537599833,0.6820330586280435,0.045158009673732534,0.6740312752863687,0.04503809830533202,0.6766274509803922,0.04033403182955635,0.6749850723988655,0.046727975721171336,0.7200533661740558,0.0592497518988115,0.7540311640016697,0.04686453642766591,0.6854679802955665,0.03925118976176166,0.6645021645021645,0.09995845041752915,,,,,,,403.2,1.0327955589886444,47.0,0.0,0.6645021645021645,0.09995845041752915,0.6854679802955665,0.03925118976176166,,,,
strict,selection,severity_binary,all,none,mean,none,stacking,10,10,10,0.674682788475892,0.05676349838223462,0.6745490196078431,0.058410006182569904,0.6746596690643931,0.057578778698007226,0.6707064276854557,0.057887851441418926,0.6831309096454036,0.05637098191750861,0.6752515701098544,0.05861121114000615,0.6745490196078431,0.058410006182569904,0.674682788475892,0.05676349838223462,0.7179765636662189,0.05109562376184446,0.7573051056971212,0.053463026255379846,0.6751231527093596,0.09251092212365593,0.6742424242424242,0.08178935488567846,,,,,,,201.6,0.5163977794943222,55.0,0.0,0.6742424242424242,0.08178935488567846,0.6751231527093596,0.09251092212365593,,,,
strict,selection,severity_binary,drop_gt70_missing,none,pmm,none,stacking,10,10,10,0.6739401403194506,0.05944946877833574,0.6724313725490196,0.058425099457098305,0.672566691202101,0.05793769337481776,0.6689424694639888,0.05934522455432423,0.6829766505683712,0.059207681496297945,0.6742376135442102,0.06100375373832254,0.6724313725490196,0.058425099457098305,0.6739401403194506,0.05944946877833574,0.7238188535602329,0.0585441046349607,0.7646685362873757,0.05175535250363643,0.6610837438423645,0.08635104064450382,0.6867965367965368,0.09731464149085908,,,,,,,201.6,0.5163977794943222,47.0,0.0,0.6867965367965368,0.09731464149085908,0.6610837438423645,0.08635104064450382,,,,
strict,selection,severity_binary,drop_gt70_missing,none,pmm,none,rf,10,10,10,0.6738822958650544,0.039237387673278674,0.6845490196078432,0.041090355016802846,0.6814398986242847,0.039769432839631344,0.6739646092145706,0.040540829317333826,0.6862565763107731,0.04122245320586587,0.6822995877674434,0.04490918531644063,0.6845490196078432,0.041090355016802846,0.6738822958650544,0.039237387673278674,0.7222719808926705,0.058761049605424796,0.7628302676747645,0.052089705430823384,0.7520935960591133,0.08457293072910553,0.5956709956709957,0.07177971322211664,,,,,,,201.6,0.5163977794943222,47.0,0.0,0.5956709956709957,0.07177971322211664,0.7520935960591133,0.08457293072910553,,,,
strict,selection,severity_binary,drop_gt70_missing,none,mean,none,catboost,10,10,10,0.672426854754441,0.05900274666743109,0.6764705882352942,0.05682291445499467,0.6751121376295862,0.056727215966258876,0.6695555857645662,0.058427517624449844,0.6821719903334291,0.05649949123496101,0.6754151895986935,0.0578205647816408,0.6764705882352942,0.05682291445499467,0.672426854754441,0.05900274666743109,0.7151701746529333,0.05527545216002912,0.7587747563734257,0.05316084674495462,0.7030788177339902,0.08510605674403394,0.6417748917748918,0.1124118036971189,,,,,,,201.6,0.5163977794943222,47.0,0.0,0.6417748917748918,0.1124118036971189,0.7030788177339902,0.08510605674403394,,,,
strict,selection,severity_binary,drop_gt70_missing,none,mice,none,catboost,10,10,10,0.6714602925809823,0.047741033967696314,0.6745882352941177,0.04605902340080042,0.6742731409587209,0.04581519373880385,0.669075393860221,0.04715752478199241,0.6794066838454234,0.046878801031663635,0.6722312914950861,0.047928308647313664,0.6745882352941177,0.04605902340080042,0.6714602925809823,0.047741033967696314,0.7086561427078669,0.05130574912244451,0.7664823404911129,0.04903695794223082,0.6924876847290641,0.07073881810745859,0.6504329004329004,0.08862572548733005,,,,,,,201.6,0.5163977794943222,47.0,0.0,0.6504329004329004,0.08862572548733005,0.6924876847290641,0.07073881810745859,,,,
strict,selection,severity_binary,drop_gt70_missing,none,raw,none,catboost,10,10,10,0.6712998208687864,0.03857633896958662,0.6766274509803922,0.042642919189066646,0.6760457987599915,0.041206008363731866,0.6703971916029337,0.04040218007508667,0.6795315776760537,0.04000504197439419,0.6736578213798031,0.042578842895789414,0.6766274509803922,0.042642919189066646,0.6712998208687864,0.03857633896958662,0.7163718465442603,0.04694161095982965,0.7587326617372271,0.04769292329360157,0.7094827586206897,0.08043348067543475,0.6331168831168832,0.05146733242450949,,,,,,,201.6,0.5163977794943222,47.0,0.0,0.6331168831168832,0.05146733242450949,0.7094827586206897,0.08043348067543475,,,,
strict,selection,severity_binary,all,none,mean,none,catboost,10,10,10,0.66675250037319,0.050473222196077264,0.6705882352941177,0.050137833855269195,0.6695512152565214,0.04960589844323783,0.6641095927753641,0.05059707324692686,0.6761824624650712,0.049958953196549624,0.6693854972819168,0.05171736459888456,0.6705882352941177,0.050137833855269195,0.66675250037319,0.050473222196077264,0.718034408120615,0.05408589266115855,0.7590441493458546,0.052231836874420574,0.6960591133004926,0.08690738935553569,0.6374458874458874,0.09520119316558116,,,,,,,201.6,0.5163977794943222,55.0,0.0,0.6374458874458874,0.09520119316558116,0.6960591133004926,0.08690738935553569,,,,
strict,selection,severity_binary,all,none,pmm,none,rf,10,10,10,0.6663233318405732,0.05037319807694406,0.6806274509803922,0.051323198035440803,0.6760666598511698,0.05050304236776015,0.667309304869092,0.05146698209420439,0.6806240739179319,0.053963926130554334,0.6778681856980273,0.057268208385516696,0.6806274509803922,0.051323198035440803,0.6663233318405732,0.05037319807694406,0.7168551276309897,0.05691697226106303,0.7643700540816875,0.06119608927327761,0.7729064039408867,0.07378481607163255,0.5597402597402598,0.06507280565133053,,,,,,,201.6,0.5163977794943222,55.0,0.0,0.5597402597402598,0.06507280565133053,0.7729064039408867,0.07378481607163255,,,,
strict,selection,severity_binary,drop_gt70_missing,none,mice,none,stacking,10,10,10,0.666256157635468,0.0463535274953015,0.6647058823529411,0.046903884368274876,0.6653777817511692,0.04677889593526177,0.6617976563515067,0.046895641564658676,0.6735599443323308,0.04498975976924372,0.6649017193768849,0.04577403627690587,0.6647058823529411,0.046903884368274876,0.666256157635468,0.0463535274953015,0.714884684281236,0.05110831000585035,0.7698964853916092,0.053609203024022854,0.6539408866995073,0.06995054618874597,0.6785714285714286,0.0693785879893583,,,,,,,201.6,0.5163977794943222,47.0,0.0,0.6785714285714286,0.0693785879893583,0.6539408866995073,0.06995054618874597,,,,
strict,selection,severity_binary,all,none,pmm,none,catboost,10,10,10,0.6662505597850426,0.02999943655509741,0.6706274509803921,0.03276717714141817,0.670827468780906,0.031790371690802705,0.6653411023534702,0.03131857335700332,0.6728804382018992,0.02989056358052494,0.6663241255407552,0.03171653908406557,0.6706274509803921,0.03276717714141817,0.6662505597850426,0.02999943655509741,0.7099791013584117,0.04316733489833077,0.7590053337827335,0.04737532618384249,0.6993842364532019,0.057137342136146116,0.6331168831168832,0.028501561637956228,,,,,,,201.6,0.5163977794943222,55.0,0.0,0.6331168831168832,0.028501561637956228,0.6993842364532019,0.057137342136146116,,,,
strict,selection,severity_binary,drop_gt70_missing,none,mice,none,rf,10,10,10,0.6646682340647858,0.040733880545686586,0.6766274509803922,0.04058995081257681,0.6733469277228672,0.04008907455617172,0.6652103355584031,0.041494876641045626,0.6760526700378768,0.039912425350874206,0.6720429177404044,0.04248696186865768,0.6766274509803922,0.04058995081257681,0.6646682340647858,0.040733880545686586,0.7179205851619644,0.05728068730599363,0.7664610398116746,0.06004535891684958,0.7518472906403941,0.06603009374398228,0.5774891774891775,0.06688432326502919,,,,,,,201.6,0.5163977794943222,47.0,0.0,0.5774891774891775,0.06688432326502919,0.7518472906403941,0.06603009374398228,,,,
strict,selection,severity_binary,drop_gt70_missing,none,gain,none,rf,10,10,10,0.6637259292431705,0.04568471631103637,0.6786274509803921,0.04288229267214515,0.6728632349501229,0.04403722051134756,0.6635960370199572,0.04642569877987627,0.6789292018066923,0.044861292791512214,0.6759745551799018,0.04703338940809879,0.6786274509803921,0.04288229267214515,0.6637259292431705,0.04568471631103637,0.722327959396925,0.06003067563193456,0.7648623343774107,0.05905763720937033,0.7729064039408866,0.06777801226555871,0.5545454545454545,0.09358284343077211,,,,,,,201.6,0.5163977794943222,47.0,0.0,0.5545454545454545,0.09358284343077211,0.7729064039408866,0.06777801226555871,,,,
strict,selection,severity_binary,all,none,mean,none,rf,10,10,10,0.663175473951336,0.046572146423884034,0.6727450980392157,0.04603766796565619,0.6695143099916634,0.04673217368515701,0.6621183805544864,0.048196315264885686,0.6748407155046181,0.04796606872220436,0.6700336558422392,0.050307116610959476,0.6727450980392157,0.04603766796565619,0.663175473951336,0.046572146423884034,0.7134423048216152,0.0496440918766292,0.7575062410082742,0.05391922007089991,0.7343596059113301,0.08417947880701082,0.591991341991342,0.09553960973465365,,,,,,,201.6,0.5163977794943222,55.0,0.0,0.591991341991342,0.09553960973465365,0.7343596059113301,0.08417947880701082,,,,
strict,selection,severity_binary,drop_gt70_missing,none,mean,none,rf,10,10,10,0.663067248843111,0.04850775647262743,0.6726274509803922,0.046036016263959124,0.6694217034737896,0.04665413330976395,0.6619483515676281,0.04847631894846061,0.6747877063639448,0.05002283651717157,0.6698018626113326,0.051328553441458646,0.6726274509803922,0.046036016263959124,0.663067248843111,0.04850775647262743,0.7177004030452306,0.05489091256556472,0.7619120349829235,0.06377989561587026,0.7343596059113301,0.07777179998575295,0.5917748917748917,0.10338981983396141,,,,,,,201.6,0.5163977794943222,47.0,0.0,0.5917748917748917,0.10338981983396141,0.7343596059113301,0.07777179998575295,,,,
strict,selection,severity_binary,all,none,gain,none,stacking,10,10,10,0.6626772652634723,0.06268429963223775,0.6645490196078432,0.0662037497232839,0.6649494864084662,0.06512075896630985,0.6604044903089805,0.06477985862729109,0.6701990025611644,0.06223563352903561,0.6630577171477778,0.06512411105657778,0.6645490196078432,0.0662037497232839,0.6626772652634723,0.06268429963223775,0.7272671294223019,0.06378682749559828,0.7651180591451233,0.05835253254116004,0.6788177339901478,0.09671439442778286,0.6465367965367965,0.05865095296830332,,,,,,,201.6,0.5163977794943222,55.0,0.0,0.6465367965367965,0.05865095296830332,0.6788177339901478,0.09671439442778286,,,,
strict,selection,severity_binary,all,none,pmm,tvae,catboost,10,10,10,0.6614401403194506,0.07565841811181968,0.6626274509803921,0.07324603054239483,0.6619899176511279,0.0736973624219222,0.657305847761634,0.07532370245346706,0.6703915224299509,0.07499188204542885,0.6623155853654856,0.0758523014956918,0.6626274509803921,0.07324603054239483,0.6614401403194506,0.07565841811181968,0.6917543663233319,0.07240184831606272,0.7490369496467596,0.05031669229720899,0.6717980295566502,0.0942925036690438,0.651082251082251,0.12256511424544685,,,,,,,403.2,1.0327955589886444,55.0,0.0,0.651082251082251,0.12256511424544685,0.6717980295566502,0.0942925036690438,,,,
strict,selection,severity_binary,all,none,pmm,none,stacking,10,10,10,0.6607982534706672,0.05266992818664024,0.6609019607843137,0.0544889695454721,0.6618481321767365,0.05405399831383312,0.6577635235964504,0.05391317368330349,0.6672561859494426,0.05106195088787688,0.6592333885920842,0.052585198379273126,0.6609019607843137,0.0544889695454721,0.6607982534706672,0.05266992818664024,0.716077026421854,0.0517275738338111,0.762806033749836,0.05540046534637672,0.6612068965517242,0.0736276300299622,0.6603896103896104,0.054198584810816346,,,,,,,201.6,0.5163977794943222,55.0,0.0,0.6603896103896104,0.054198584810816346,0.6612068965517242,0.0736276300299622,,,,
strict,selection,severity_binary,all,none,gain,tvae,catboost,10,10,10,0.6599492461561427,0.04102851409430855,0.6626274509803921,0.04132292659605749,0.6623727826868036,0.04092305750056348,0.6573013328676571,0.04146520166309829,0.6679025480381672,0.039675074935469595,0.6605338728790188,0.04093883281988237,0.6626274509803921,0.04132292659605749,0.6599492461561427,0.04102851409430855,0.7030396327810121,0.05483605849969332,0.7501940565543256,0.05735111577669747,0.6820197044334975,0.0735093193348022,0.6378787878787879,0.07736594068255467,,,,,,,403.2,1.0327955589886444,55.0,0.0,0.6378787878787879,0.07736594068255467,0.6820197044334975,0.0735093193348022,,,,
strict,selection,severity_binary,all,none,gain,tvae,stacking,10,10,10,0.6587848932676519,0.05877581307788973,0.6486274509803922,0.06280416609653132,0.6480315469777411,0.06353917631030888,0.64758802188367,0.062403647034242865,0.6704886270883952,0.055888263025835126,0.659354541308517,0.05768662655714771,0.6486274509803922,0.06280416609653132,0.6587848932676519,0.05877581307788973,0.7119271533064636,0.06079567204389358,0.7585871287987918,0.058071692382130176,0.5842364532019705,0.09501523951526443,0.7333333333333333,0.0635150161844467,,,,,,,403.2,1.0327955589886444,55.0,0.0,0.7333333333333333,0.0635150161844467,0.5842364532019705,0.09501523951526443,,,,
strict,selection,severity_binary,drop_gt70_missing,none,softimpute,none,stacking,10,10,10,0.6583165397820571,0.03315299576226545,0.6547450980392157,0.0378382039296278,0.6549631313948294,0.037075840289209155,0.6521544063747827,0.03547179601511702,0.6674073442739937,0.03275605016428119,0.6582869735871048,0.034248240400209004,0.6547450980392157,0.0378382039296278,0.6583165397820571,0.03315299576226545,0.6975705329153605,0.04546072810038479,0.7522982250552643,0.04847614782645838,0.6291871921182266,0.08276711143792437,0.6874458874458874,0.06033230276452136,,,,,,,201.6,0.5163977794943222,47.0,0.0,0.6874458874458874,0.06033230276452136,0.6291871921182266,0.08276711143792437,,,,
strict,selection,severity_binary,all,none,gain,none,rf,10,10,10,0.6581597999701448,0.06705840224048461,0.6725490196078432,0.07000460735586438,0.6677346564947277,0.06800387602177342,0.6589092699015063,0.06872701109629921,0.6742741626136917,0.07206818510688973,0.671632408166091,0.07682612137429093,0.6725490196078432,0.07000460735586438,0.6581597999701448,0.06705840224048461,0.7244495447081654,0.06912613548647654,0.7683370649274004,0.06858126810615799,0.7658866995073892,0.10349298236415122,0.5504329004329004,0.07078102266940152,,,,,,,201.6,0.5163977794943222,55.0,0.0,0.5504329004329004,0.07078102266940152,0.7658866995073892,0.10349298236415122,,,,
strict,selection,severity_binary,drop_gt70_missing,none,mice,tvae,stacking,10,10,10,0.6580049261083744,0.05587337867368921,0.6486274509803922,0.054148581351715463,0.64903642851711,0.0535463325317003,0.6480268027052164,0.05434779311133612,0.6691921716821015,0.05686662725955884,0.657785935530797,0.05663311936287809,0.6486274509803922,0.054148581351715463,0.6580049261083744,0.05587337867368921,0.7199582027168234,0.0636956286514327,0.7503321022554322,0.05638437536683123,0.5874384236453202,0.05296998317144474,0.7285714285714285,0.07992847386266975,,,,,,,403.2,1.0327955589886444,47.0,0.0,0.7285714285714285,0.07992847386266975,0.5874384236453202,0.05296998317144474,,,,
strict,selection,severity_binary,all,none,gain,none,catboost,10,10,10,0.6577082400358263,0.06351444586088675,0.6646666666666666,0.06549357485446099,0.6634103770309776,0.0642761212808644,0.6569980910284295,0.06481000410240675,0.6671062639426042,0.0630781802074171,0.6614203874630448,0.0661198081366318,0.6646666666666666,0.06549357485446099,0.6577082400358263,0.06351444586088675,0.7282224958949097,0.060163303947215196,0.7687628976815125,0.052628909489943934,0.7102216748768473,0.09598900294652345,0.6051948051948053,0.07662324074741408,,,,,,,201.6,0.5163977794943222,55.0,0.0,0.6051948051948053,0.07662324074741408,0.7102216748768473,0.09598900294652345,,,,
strict,selection,severity_binary,drop_gt70_missing,none,softimpute,none,catboost,10,10,10,0.6571353933422899,0.05182501149447048,0.6607450980392157,0.053222828617944515,0.6601889281613251,0.052468303562930335,0.6548276814620011,0.052653213878830596,0.6655501886242352,0.050327618224020036,0.6586209383098438,0.05198557540075326,0.6607450980392157,0.053222828617944515,0.6571353933422899,0.05182501149447048,0.6889162561576355,0.04741792781123801,0.7439802267529814,0.04687804562493403,0.6820197044334975,0.08681426512263923,0.6322510822510823,0.08226658672633026,,,,,,,201.6,0.5163977794943222,47.0,0.0,0.6322510822510823,0.08226658672633026,0.6820197044334975,0.08681426512263923,,,,
strict,selection,severity_binary,drop_gt70_missing,none,pmm,none,catboost,10,10,10,0.656935736677116,0.04097677233718194,0.6624705882352941,0.037197777555214286,0.6603945327774451,0.03754863823680152,0.6541476149690557,0.03976825185065114,0.6674927585154322,0.03998812670597489,0.6608034078454342,0.04089833727633472,0.6624705882352941,0.037197777555214286,0.656935736677116,0.04097677233718194,0.7227179429765637,0.05275727377126125,0.7634210515095046,0.04697196114677946,0.6956896551724138,0.08207398954062188,0.6181818181818182,0.11025135406474602,,,,,,,201.6,0.5163977794943222,47.0,0.0,0.6181818181818182,0.11025135406474602,0.6956896551724138,0.08207398954062188,,,,
strict,selection,severity_binary,drop_gt70_missing,none,gain,none,catboost,10,10,10,0.6556444991789819,0.048097450842699334,0.6626666666666667,0.049005069739588986,0.6612455516964442,0.04734740457979799,0.6546820391929475,0.0481251366870636,0.6656256646600889,0.04910600910169931,0.6597005448377932,0.051867058344865276,0.6626666666666667,0.049005069739588986,0.6556444991789819,0.048097450842699334,0.7215386624869383,0.05039386198792118,0.7727812144267265,0.04544689956245284,0.706527093596059,0.08531292276069942,0.6047619047619047,0.0793532721113458,,,,,,,201.6,0.5163977794943222,47.0,0.0,0.6047619047619047,0.0793532721113458,0.706527093596059,0.08531292276069942,,,,
strict,selection,severity_binary,drop_gt70_missing,none,mean,tvae,catboost,10,10,10,0.6533997611583818,0.05446659916783547,0.6527843137254903,0.05032262099639034,0.6528993498097337,0.050969343257039904,0.6487184174108055,0.0531106343358006,0.6616291654303132,0.05411648294096629,0.6527299315457471,0.054105351471376045,0.6527843137254903,0.05032262099639034,0.6533997611583818,0.05446659916783547,0.6908829676071055,0.05114442285507577,0.7403734944572529,0.04599077018204825,0.6507389162561577,0.06203768075440855,0.656060606060606,0.10714929458216782,,,,,,,403.2,1.0327955589886444,47.0,0.0,0.656060606060606,0.10714929458216782,0.6507389162561577,0.06203768075440855,,,,
strict,selection,severity_binary,drop_gt70_missing,none,mice,tvae,rf,10,10,10,0.6529929840274667,0.05679788069827075,0.6805490196078432,0.0484112842358959,0.6618598882777654,0.06080949540120463,0.647365570882019,0.06708989197764435,0.6849112701367783,0.05202062524133948,0.6863879978590482,0.054300096031605856,0.6805490196078432,0.0484112842358959,0.6529929840274667,0.05679788069827075,0.7079657411553963,0.06421742411171422,0.7429005760356875,0.06345992199750099,0.8529556650246306,0.05302785268307648,0.453030303030303,0.1249344699330531,,,,,,,403.2,1.0327955589886444,47.0,0.0,0.453030303030303,0.1249344699330531,0.8529556650246306,0.05302785268307648,,,,
strict,selection,severity_binary,all,none,pmm,tvae,stacking,10,10,10,0.6508676668159427,0.06878576384472644,0.6390196078431373,0.07032199852422205,0.6372673753729368,0.07078923877111891,0.6374055681326778,0.0701107823576102,0.6662702498167457,0.0710486102188734,0.6543448127919735,0.07082967116969487,0.6390196078431373,0.07032199852422205,0.6508676668159427,0.06878576384472644,0.7041685326168085,0.06227788228545771,0.7554361044574378,0.04174720834646907,0.5634236453201971,0.10388595930766267,0.7383116883116883,0.09504906028553722,,,,,,,403.2,1.0327955589886444,55.0,0.0,0.7383116883116883,0.09504906028553722,0.5634236453201971,0.10388595930766267,,,,
strict,selection,severity_binary,all,none,mean,tvae,catboost,10,10,10,0.6498507239886551,0.04031419316874643,0.6446666666666666,0.03971509885233554,0.6445140967393806,0.0397920468890218,0.6420752148220084,0.040139390543359146,0.6600682385909025,0.039758022368253716,0.6500331491664857,0.03989911806843368,0.6446666666666666,0.03971509885233554,0.6498507239886551,0.04031419316874643,0.6824451410658308,0.04761382530450663,0.7317440922801286,0.04716494610215496,0.6118226600985222,0.07472572468896042,0.6878787878787879,0.09121093297110971,,,,,,,403.2,1.0327955589886444,55.0,0.0,0.6878787878787879,0.09121093297110971,0.6118226600985222,0.07472572468896042,,,,
strict,selection,severity_binary,all,none,mean,tvae,stacking,10,10,10,0.6496790565756083,0.04252136983637436,0.6408627450980392,0.042475333522874796,0.6401821895894443,0.0420670931313855,0.6390771826494934,0.04208007751411382,0.6627302998447945,0.04484362678434039,0.6515281675727923,0.04460366515276524,0.6408627450980392,0.042475333522874796,0.6496790565756083,0.04252136983637436,0.679718987908643,0.05384452773356481,0.7348620202243539,0.053879842906107304,0.5839901477832512,0.07705069707772326,0.7153679653679654,0.08907685426073934,,,,,,,403.2,1.0327955589886444,55.0,0.0,0.7153679653679654,0.08907685426073934,0.5839901477832512,0.07705069707772326,,,,
strict,selection,severity_binary,all,none,softimpute,none,stacking,10,10,10,0.6469323779668608,0.04528152316297501,0.6489019607843137,0.036168803173980586,0.6471773458500764,0.03748710840416431,0.6418755206513542,0.041499862664410456,0.6577610940124322,0.04534445165068671,0.6491506529403877,0.044376030871077984,0.6489019607843137,0.036168803173980586,0.6469323779668608,0.04528152316297501,0.7001418122107778,0.03951731650381793,0.762314939415665,0.042077859581807736,0.6529556650246305,0.07171300219707029,0.6409090909090909,0.13674085270184586,,,,,,,201.6,0.5163977794943222,55.0,0.0,0.6409090909090909,0.13674085270184586,0.6529556650246305,0.07171300219707029,,,,
strict,selection,severity_binary,drop_gt70_missing,none,mean,tvae,stacking,10,10,10,0.6462289147633975,0.04203414862765309,0.6349411764705882,0.0385474437672841,0.6333000994865821,0.037719873529464966,0.6329991039339986,0.0389899771467069,0.6629708172867389,0.04921005079949742,0.6506187117945209,0.047623228854733024,0.6349411764705882,0.0385474437672841,0.6462289147633975,0.04203414862765309,0.6942622033139274,0.05339450842447606,0.7366428536166991,0.04775749746285724,0.5636699507389162,0.06865706787093477,0.7287878787878788,0.1077191153673712,,,,,,,403.2,1.0327955589886444,47.0,0.0,0.7287878787878788,0.1077191153673712,0.5636699507389162,0.06865706787093477,,,,
strict,selection,severity_binary,all,none,softimpute,none,rf,10,10,10,0.6436744290192566,0.04645832888739916,0.6608627450980393,0.039936640836480804,0.6513463098427085,0.045904723019633276,0.640481224942237,0.05052186923730823,0.6620089881556172,0.040613661177302966,0.6590195270260883,0.04156736852105604,0.6608627450980393,0.039936640836480804,0.6436744290192566,0.04645832888739916,0.7089864158829676,0.05219502719757089,0.7697036482880617,0.05358217833250928,0.7652709359605911,0.08156061367635307,0.5220779220779221,0.13275926967872997,,,,,,,201.6,0.5163977794943222,55.0,0.0,0.5220779220779221,0.13275926967872997,0.7652709359605911,0.08156061367635307,,,,
strict,selection,severity_binary,drop_gt70_missing,none,softimpute,tvae,stacking,10,10,10,0.6431799522316763,0.06009520705217547,0.6428627450980392,0.05859535994805034,0.6416682082048798,0.05950285093626309,0.6373757594542789,0.06114012566790271,0.6527860718632759,0.056369832991542364,0.6440700109347036,0.05763535634684439,0.6428627450980392,0.05859535994805034,0.6431799522316763,0.06009520705217547,0.6806762203313927,0.04636954958080437,0.7200954798234753,0.04010533865378557,0.6365763546798029,0.0963349337503771,0.6497835497835498,0.11808743039531552,,,,,,,403.2,1.0327955589886444,47.0,0.0,0.6497835497835498,0.11808743039531552,0.6365763546798029,0.0963349337503771,,,,
strict,selection,severity_binary,drop_gt70_missing,none,gain,tvae,catboost,10,10,10,0.6431370353784146,0.0535546703838287,0.6507450980392158,0.05506331719802304,0.6494272881905292,0.054437770968632164,0.6425565173825225,0.05480792709277387,0.6518288674385134,0.052493129240880315,0.6458002492114973,0.054725459632017685,0.6507450980392158,0.05506331719802304,0.6431370353784146,0.0535546703838287,0.7033027317510075,0.05665005454737208,0.7564819233126473,0.06380290343826417,0.6992610837438423,0.083273251979021,0.587012987012987,0.06858280887583014,,,,,,,403.2,1.0327955589886444,47.0,0.0,0.587012987012987,0.06858280887583014,0.6992610837438423,0.083273251979021,,,,
strict,selection,severity_binary,drop_gt70_missing,none,softimpute,tvae,catboost,10,10,10,0.6411833855799374,0.06199072371354346,0.6546666666666667,0.06279551351473057,0.6495624124405861,0.06202647816233326,0.6404875389293201,0.06343678313302702,0.6553142933191376,0.06327121840093626,0.6512007797954806,0.06670528833308484,0.6546666666666667,0.06279551351473057,0.6411833855799374,0.06199072371354346,0.6711132258546051,0.0483457395662984,0.7102489404794381,0.04183951102904013,0.7375615763546798,0.10430395516624572,0.5448051948051948,0.0963253453529238,,,,,,,403.2,1.0327955589886444,47.0,0.0,0.5448051948051948,0.0963253453529238,0.7375615763546798,0.10430395516624572,,,,
strict,selection,severity_binary,all,none,softimpute,none,catboost,10,10,10,0.6397391401701746,0.05101890588973012,0.6508627450980392,0.0452355769539742,0.6444431619269425,0.04873697321717459,0.6357802363283349,0.05258996747982394,0.6544295772374265,0.051357326299653165,0.6489733100998715,0.05324640389270271,0.6508627450980392,0.0452355769539742,0.6397391401701746,0.05101890588973012,0.6893687490670249,0.044752457188933725,0.7537710805846605,0.0391980472621241,0.7119458128078817,0.10453634846671545,0.5675324675324676,0.15216927446285936,,,,,,,201.6,0.5163977794943222,55.0,0.0,0.5675324675324676,0.15216927446285936,0.7119458128078817,0.10453634846671545,,,,
strict,selection,severity_binary,all,none,softimpute,tvae,stacking,10,10,10,0.6379422301836095,0.0606471606396346,0.6428235294117648,0.04887868195851986,0.6350575216814696,0.05571451503913896,0.628100277749011,0.06291792326168581,0.6545325744146222,0.0585635022720186,0.6461829640362426,0.058751800822699124,0.6428235294117648,0.04887868195851986,0.6379422301836095,0.0606471606396346,0.691336393491566,0.05034975900349974,0.7466993858645513,0.04854621450203266,0.6635467980295566,0.1266203112145974,0.6123376623376624,0.19951406247732878,,,,,,,403.2,1.0327955589886444,55.0,0.0,0.6123376623376624,0.19951406247732878,0.6635467980295566,0.1266203112145974,,,,
strict,selection,severity_binary,all,none,mice,none,rf,10,10,10,0.6363822958650545,0.07201097303629367,0.6509411764705882,0.06927967688868432,0.646179521004021,0.06989551449316261,0.6364648044027071,0.07305035205255461,0.6490942478570781,0.07311430756379876,0.6446281328120992,0.07685667523550474,0.6509411764705882,0.06927967688868432,0.6363822958650545,0.07201097303629367,0.6988020600089566,0.06525533104878861,0.7663419055973715,0.05384869999085164,0.7413793103448276,0.07715604333452909,0.5313852813852814,0.10205219000057546,,,,,,,201.6,0.5163977794943222,55.0,0.0,0.5313852813852814,0.10205219000057546,0.7413793103448276,0.07715604333452909,,,,
strict,selection,severity_binary,all,none,pmm,tvae,rf,10,10,10,0.6361247947454844,0.047729430434120555,0.6645882352941176,0.04304091043357871,0.6450521230118577,0.04939105562052381,0.6298979337604285,0.05384694256079849,0.669958256213864,0.04679934267931304,0.6711442383588594,0.04988380254906391,0.6645882352941176,0.04304091043357871,0.6361247947454844,0.047729430434120555,0.7022615315718764,0.06621920185254351,0.7535264581357535,0.05670073607085867,0.8460591133004925,0.05999614419193801,0.4261904761904762,0.09647870310227018,,,,,,,403.2,1.0327955589886444,55.0,0.0,0.4261904761904762,0.09647870310227018,0.8460591133004925,0.05999614419193801,,,,
strict,selection,severity_binary,drop_gt70_missing,none,gain,tvae,stacking,10,10,10,0.6359587251828631,0.062343361711047394,0.6287058823529412,0.065930265802116,0.6280335903182405,0.06737244041037423,0.6266454951163918,0.06580175213170637,0.6463169054732112,0.061056425566077994,0.6361905623537509,0.06188031455790196,0.6287058823529412,0.065930265802116,0.6359587251828631,0.062343361711047394,0.7026888341543513,0.057076615437517936,0.7564847968930499,0.06404252127496698,0.5799261083743843,0.10328108638954978,0.6919913419913419,0.07800921054332476,,,,,,,403.2,1.0327955589886444,47.0,0.0,0.6919913419913419,0.07800921054332476,0.5799261083743843,0.10328108638954978,,,,
strict,selection,severity_binary,all,none,mice,none,stacking,10,10,10,0.6335012688460965,0.06672085285553216,0.6350980392156862,0.0665905627385523,0.6359395432693178,0.06578623916758307,0.6310621522386544,0.06706127482444015,0.6411049199166847,0.06560595853471975,0.6330015157256537,0.06806705322429744,0.6350980392156862,0.0665905627385523,0.6335012688460965,0.06672085285553216,0.6961878638602776,0.0598156844234865,0.7655298938661491,0.050516240164415326,0.6438423645320197,0.08005410283871146,0.6231601731601731,0.0811965641254755,,,,,,,201.6,0.5163977794943222,55.0,0.0,0.6231601731601731,0.0811965641254755,0.6438423645320197,0.08005410283871146,,,,
strict,selection,severity_binary,all,none,mice,none,catboost,10,10,10,0.6290659053590087,0.055965167652988264,0.6350980392156862,0.055779249763452415,0.634625308545915,0.05486063959835034,0.6280750723792485,0.05612811423866038,0.6375053232898445,0.05544292556228753,0.6305076589412382,0.057929999090173934,0.6350980392156862,0.055779249763452415,0.6290659053590087,0.055965167652988264,0.6963651291237498,0.0527020067069518,0.7673927359877524,0.044196314345241135,0.6715517241379311,0.07706655192949245,0.5865800865800865,0.07794211703207156,,,,,,,201.6,0.5163977794943222,55.0,0.0,0.5865800865800865,0.07794211703207156,0.6715517241379311,0.07706655192949245,,,,
strict,selection,severity_binary,drop_gt70_missing,none,pmm,tvae,catboost,10,10,10,0.6275824749962681,0.06687926340425158,0.6347843137254902,0.0646375951807636,0.6316033464941385,0.06620830115033836,0.6244285484935352,0.06899722221509372,0.6384445163772619,0.06630042925915094,0.6315095390971953,0.0697809483728925,0.6347843137254902,0.0646375951807636,0.6275824749962681,0.06687926340425158,0.6819469323779669,0.06915761268484542,0.7454721335856547,0.04679576496714082,0.6783251231527093,0.10772839516671773,0.5768398268398268,0.12525156934354376,,,,,,,403.2,1.0327955589886444,47.0,0.0,0.5768398268398268,0.12525156934354376,0.6783251231527093,0.10772839516671773,,,,
strict,selection,severity_binary,all,none,softimpute,tvae,catboost,10,10,10,0.6253302731751008,0.05470659627491489,0.6449411764705882,0.04248796358294234,0.629939583690011,0.0579539972655025,0.6170914554609492,0.06704687365539141,0.6446849970276842,0.04503583502614769,0.6408492385270027,0.046543440322185596,0.6449411764705882,0.04248796358294234,0.6253302731751008,0.05470659627491489,0.6840069413345276,0.051927781440735135,0.7528028994866112,0.04711010696974261,0.7616995073891626,0.10298009952477101,0.48896103896103893,0.1725139758414922,,,,,,,403.2,1.0327955589886444,55.0,0.0,0.48896103896103893,0.1725139758414922,0.7616995073891626,0.10298009952477101,,,,
strict,selection,severity_binary,all,none,mice,tvae,stacking,10,10,10,0.6246995820271681,0.05722621188670654,0.6130588235294118,0.06111388620451011,0.6114559656151024,0.063435345349931,0.6117742033094957,0.061819764960234586,0.6369985700064495,0.05487307178010265,0.6257743865832047,0.0560595402286787,0.6130588235294118,0.06111388620451011,0.6246995820271681,0.05722621188670654,0.6698089267054784,0.0705642533992543,0.7335819513531627,0.04701361278769917,0.5387931034482759,0.09385900968188365,0.7106060606060606,0.06426664148781457,,,,,,,403.2,1.0327955589886444,55.0,0.0,0.7106060606060606,0.06426664148781457,0.5387931034482759,0.09385900968188365,,,,
strict,selection,severity_binary,drop_gt70_missing,none,pmm,tvae,rf,10,10,10,0.6223484848484848,0.0402996039590502,0.6508235294117647,0.038312117671301486,0.6325127833191425,0.03970095295318898,0.6171150381004264,0.042700841011722876,0.6528416411334368,0.04751702571596128,0.6529508745898065,0.051610072724451096,0.6508235294117647,0.038312117671301486,0.6223484848484848,0.0402996039590502,0.6942771309150619,0.05675606701327994,0.7400140316013715,0.03911828445427824,0.8321428571428571,0.05170800827558718,0.4125541125541125,0.05810836197622582,,,,,,,403.2,1.0327955589886444,47.0,0.0,0.4125541125541125,0.05810836197622582,0.8321428571428571,0.05170800827558718,,,,
strict,selection,severity_binary,all,none,gain,tvae,rf,10,10,10,0.6215293327362292,0.045400656797025936,0.6506666666666667,0.0467889136816045,0.6302240270293046,0.04626553556265838,0.6146093953017863,0.04796108240841299,0.6587966600635369,0.059119860164714225,0.6600861532886942,0.06490313670432656,0.6506666666666667,0.0467889136816045,0.6215293327362292,0.045400656797025936,0.7178776683087028,0.06553440294066677,0.7588944496092728,0.06036120687690714,0.8391625615763546,0.07891218000347472,0.4038961038961039,0.0681594823581094,,,,,,,403.2,1.0327955589886444,55.0,0.0,0.4038961038961039,0.0681594823581094,0.8391625615763546,0.07891218000347472,,,,
strict,selection,severity_binary,drop_gt70_missing,none,gain,tvae,rf,10,10,10,0.6193648305717272,0.036105583972933945,0.6508627450980392,0.031627531345838476,0.6256406489017321,0.04070917716871257,0.6086345223533544,0.044659261362601524,0.6602556815613407,0.044273199391071986,0.6620231011878179,0.048655673797594536,0.6508627450980392,0.031627531345838476,0.6193648305717272,0.036105583972933945,0.70316091954023,0.06432096883065666,0.7536244042323024,0.06763678254826695,0.8534482758620691,0.05880461274045972,0.3852813852813853,0.09608699460078783,,,,,,,403.2,1.0327955589886444,47.0,0.0,0.3852813852813853,0.09608699460078783,0.8534482758620691,0.05880461274045972,,,,
strict,selection,severity_binary,drop_gt70_missing,none,pmm,tvae,stacking,10,10,10,0.6181053142260039,0.06895548627258469,0.6090588235294118,0.06874262355621459,0.6076977515986179,0.06919749994984205,0.6068431703700933,0.0694333719165142,0.6309208121555436,0.06906201837110931,0.6199573655008438,0.06967948848787675,0.6090588235294118,0.06874262355621459,0.6181053142260039,0.06895548627258469,0.6866136736826391,0.06633643195546467,0.7395018103227851,0.04344404290795553,0.5496305418719212,0.09571825973105354,0.6865800865800866,0.10952466505492048,,,,,,,403.2,1.0327955589886444,47.0,0.0,0.6865800865800866,0.10952466505492048,0.5496305418719212,0.09571825973105354,,,,
strict,selection,severity_binary,all,none,mice,tvae,catboost,10,10,10,0.6180791909240185,0.06942965729731902,0.6210980392156863,0.07071636881698244,0.621312579279492,0.07049187070729482,0.6158999189276202,0.07076635919666804,0.625597912728552,0.06683255771739158,0.617817939875661,0.06873975916119343,0.6210980392156863,0.07071636881698244,0.6180791909240185,0.06942965729731902,0.6697884012539185,0.06241772217468833,0.7290580746873853,0.04465242278397346,0.6402709359605911,0.09130195215730569,0.5958874458874459,0.08193434114393551,,,,,,,403.2,1.0327955589886444,55.0,0.0,0.5958874458874459,0.08193434114393551,0.6402709359605911,0.09130195215730569,,,,
strict,selection,severity_binary,drop_gt70_missing,none,mean,tvae,rf,10,10,10,0.6141513658755038,0.05070088986780804,0.6369411764705882,0.04509322698584108,0.6234252969939409,0.05185816343687872,0.6098418861533983,0.05596844557177618,0.6327824729479679,0.049297598236827354,0.6296370812751393,0.05118391080441405,0.6369411764705882,0.04509322698584108,0.6141513658755038,0.05070088986780804,0.6937229437229437,0.05261960211026468,0.7328449676862065,0.047936008820060716,0.7834975369458128,0.05042681978066821,0.44480519480519476,0.10430240620234031,,,,,,,403.2,1.0327955589886444,47.0,0.0,0.44480519480519476,0.10430240620234031,0.7834975369458128,0.05042681978066821,,,,
strict,selection,severity_binary,all,none,mice,tvae,rf,10,10,10,0.6044204358859531,0.06308401637415505,0.6349019607843137,0.057468488710498686,0.6123916176033191,0.06316077225998139,0.5951765642718507,0.06926798333902139,0.6358785068860958,0.07632477080700964,0.6348326673850535,0.08348108742329419,0.6349019607843137,0.057468488710498686,0.6044204358859531,0.06308401637415505,0.6840162710852365,0.0697139693243654,0.7465193706626977,0.05375970102091057,0.8291871921182266,0.06595808429260397,0.37965367965367963,0.09785954490427329,,,,,,,403.2,1.0327955589886444,55.0,0.0,0.37965367965367963,0.09785954490427329,0.8291871921182266,0.06595808429260397,,,,
strict,selection,severity_binary,drop_gt70_missing,none,softimpute,tvae,rf,10,10,10,0.598966263621436,0.054524554436008586,0.6369803921568628,0.04715750365314837,0.599243559555768,0.06210581432940887,0.5779806735818565,0.06942293815334924,0.6460218659414699,0.06354604606882534,0.6480514013173292,0.0687204869663269,0.6369803921568628,0.04715750365314837,0.598966263621436,0.054524554436008586,0.6980818032542171,0.04784947067146074,0.7350713682338098,0.0433985954435373,0.8775862068965518,0.06073369782851203,0.3203463203463203,0.11830411930788924,,,,,,,403.2,1.0327955589886444,47.0,0.0,0.3203463203463203,0.11830411930788924,0.8775862068965518,0.06073369782851203,,,,
strict,selection,severity_binary,all,none,mean,tvae,rf,10,10,10,0.5948313181071802,0.053988012545640285,0.6130196078431374,0.050913916773998015,0.6030221522933613,0.05278811153741361,0.5908961196077314,0.05567551068137413,0.610186500716644,0.05318275073732972,0.6050758286853567,0.054935177096330286,0.6130196078431374,0.050913916773998015,0.5948313181071802,0.053988012545640285,0.6776085982982535,0.05825015338336812,0.7358364066227245,0.05498889838635569,0.7307881773399015,0.0827319821855235,0.4588744588744588,0.11375025786445227,,,,,,,403.2,1.0327955589886444,55.0,0.0,0.4588744588744588,0.11375025786445227,0.7307881773399015,0.0827319821855235,,,,
strict,selection,severity_binary,all,none,softimpute,tvae,rf,10,10,10,0.5821857739961188,0.039209648056191,0.6250980392156863,0.02850872206833976,0.5733340619565154,0.05608977224460076,0.5483036535004265,0.06599951476282953,0.6408499412377662,0.05462600967065589,0.6442532180921374,0.060586848993522104,0.6250980392156863,0.02850872206833976,0.5821857739961188,0.039209648056191,0.6934859680549336,0.044830637793133794,0.7432881784726783,0.04580960058028798,0.8944581280788177,0.07341125096832533,0.2699134199134199,0.1316617243196631,,,,,,,403.2,1.0327955589886444,55.0,0.0,0.2699134199134199,0.1316617243196631,0.8944581280788177,0.07341125096832533,,,,
strict,selection,mayo_4class,drop_gt70_missing,none,pmm,tvae,stacking,10,10,10,0.39481152017916726,0.06343134861692357,0.3510980392156863,0.05480852615886465,0.3121327182829231,0.05904336344575771,0.33523309518994593,0.05750292945285732,0.4173259462267566,0.11955030873624094,0.3945020445455817,0.09975845725649637,0.3510980392156863,0.05480852615886465,0.39481152017916726,0.06343134861692357,,,,,,,,,0.9759607843137255,0.07575003804845765,0.39113725490196083,0.06650633032405795,0.25776470588235295,0.03574155979988187,403.2,1.0327955589886444,47.2,0.42163702135578335,0.4888888888888888,0.17529125283258123,0.36602564102564106,0.11153968955017089,0.09705882352941177,0.05448910195190766,0.6272727272727272,0.13853490243227226
strict,selection,mayo_4class,drop_gt70_missing,none,pmm,tvae,catboost,10,10,10,0.3941476415741122,0.05021539076824001,0.4123921568627451,0.05160442605450343,0.40369458816270526,0.04744825292398525,0.38845298436241726,0.04802335599534633,0.41243116658032564,0.049376596772345974,0.3999086675465394,0.05188176549182493,0.4123921568627451,0.05160442605450343,0.3941476415741122,0.05021539076824001,,,,,,,,,0.8276470588235295,0.07960371110905126,0.3872156862745098,0.04380165704118988,0.20039215686274509,0.032941695192513026,403.2,1.0327955589886444,47.2,0.42163702135578335,0.2333333333333333,0.09728833730787924,0.3211538461538462,0.13027005166695838,0.503921568627451,0.12041644836179462,0.5181818181818182,0.1662529299920631
strict,selection,mayo_4class,drop_gt70_missing,none,gain,none,rf,10,10,10,0.38893802276155215,0.06878091817800593,0.42070588235294115,0.06736398098105006,0.40821150180876814,0.0689651050063541,0.38756767308706,0.06812404627686379,0.41952521773077917,0.06867046933752749,0.41032956370807006,0.06987369221453839,0.42070588235294115,0.06736398098105006,0.38893802276155215,0.06878091817800593,,,,,,,,,0.7874509803921568,0.08751182462835677,0.3908627450980392,0.07762219843652449,0.1884313725490196,0.04082336407685761,201.6,0.5163977794943222,47.2,0.42163702135578335,0.18888888888888888,0.07499428419006142,0.3217948717948718,0.1047139360396019,0.5905228758169935,0.08077252066130503,0.4545454545454545,0.1766955119650091
strict,selection,mayo_4class,drop_gt70_missing,none,gain,none,stacking,10,10,10,0.38461509895333423,0.07261028175120085,0.3769411764705882,0.06808407353907414,0.3692287955896737,0.07255048528713362,0.3624213923849914,0.07223180831809949,0.4048134046128588,0.07723485619341827,0.3825101078420839,0.07601400466580471,0.3769411764705882,0.06808407353907414,0.38461509895333423,0.07261028175120085,,,,,,,,,0.9345098039215687,0.10475425840600865,0.3750980392156863,0.046051398921704775,0.24796078431372548,0.039361406820325094,201.6,0.5163977794943222,47.2,0.42163702135578335,0.36666666666666664,0.14861038998325096,0.25064102564102564,0.16787992545139757,0.357516339869281,0.10427061682163435,0.5636363636363637,0.18080525927486427
strict,selection,mayo_4class,all,none,mean,none,stacking,10,10,10,0.38300282234105765,0.06840922804148779,0.3689019607843137,0.0631920491875725,0.35106812131633863,0.06452526917045695,0.3520797908982372,0.06483478991716021,0.38103215149592184,0.058481882960084275,0.3659743222538518,0.06244199829559475,0.3689019607843137,0.0631920491875725,0.38300282234105765,0.06840922804148779,,,,,,,,,0.9347450980392157,0.10209078355800642,0.3790588235294118,0.0498504577329731,0.2520392156862745,0.02991211299496103,201.6,0.5163977794943222,55.0,0.0,0.4222222222222222,0.19457667461575848,0.25833333333333336,0.17882585737848095,0.3241830065359477,0.14379745148903553,0.5272727272727272,0.1756530514689629
strict,selection,mayo_4class,all,none,mean,tvae,stacking,10,10,10,0.382793432058138,0.07926914062032653,0.32960784313725494,0.0641160813437714,0.2633429232575667,0.0567069196778348,0.2972937101382665,0.06308271817203172,0.26993433612530315,0.09283424495131151,0.2851109232185084,0.07696195047924556,0.32960784313725494,0.0641160813437714,0.382793432058138,0.07926914062032653,,,,,,,,,1.0154509803921568,0.1330050039255925,0.3827058823529412,0.05251566268053775,0.28768627450980394,0.05047180535255457,403.2,1.0327955589886444,55.0,0.0,0.5,0.25793311624415033,0.3358974358974359,0.14276958484745036,0.022549019607843133,0.0391687567174824,0.6727272727272727,0.1299855187244074
strict,selection,mayo_4class,drop_gt70_missing,none,pmm,none,rf,10,10,10,0.3822641002788062,0.05688069046665063,0.4086666666666667,0.0575589414420478,0.3971031502454537,0.05511479863945566,0.3794087263459916,0.056751563706925155,0.4042362519661281,0.06038869098078654,0.3950837357647662,0.0639227982267422,0.4086666666666667,0.0575589414420478,0.3822641002788062,0.05688069046665063,,,,,,,,,0.8032941176470588,0.09067434061500103,0.4010588235294118,0.07106064385650736,0.19027450980392158,0.05071181136954047,201.6,0.5163977794943222,47.2,0.42163702135578335,0.2444444444444444,0.14628457524541855,0.33782051282051284,0.1437210048191984,0.5558823529411765,0.09530750040762245,0.39090909090909093,0.15481260332660365
strict,selection,mayo_4class,all,none,mean,none,rf,10,10,10,0.3817264843000137,0.06249551854030718,0.41866666666666663,0.04793526613036877,0.39940499073759217,0.054451698662110234,0.37430745820287814,0.0628243802644837,0.4122359714312097,0.044935180346823304,0.3978755834666967,0.050633577825521546,0.41866666666666663,0.04793526613036877,0.3817264843000137,0.06249551854030718,,,,,,,,,0.8091764705882353,0.08238368551547788,0.37717647058823534,0.04646568831433591,0.20415686274509803,0.044828101864041486,201.6,0.5163977794943222,55.0,0.0,0.2,0.17213259316477408,0.3596153846153846,0.12886050436731503,0.6127450980392157,0.08903521319659659,0.35454545454545455,0.17381370181454528
strict,selection,mayo_4class,drop_gt70_missing,none,mice,none,stacking,10,10,10,0.38146596051007814,0.09580929297385707,0.35670588235294115,0.07546485724757461,0.3347111156936745,0.07136896237007283,0.3419423809132362,0.07652066153999756,0.3876104239671577,0.1061160080220839,0.37037318589563173,0.09763021401662145,0.35670588235294115,0.07546485724757461,0.38146596051007814,0.09580929297385707,,,,,,,,,0.9189411764705883,0.07614197871556812,0.41121568627450983,0.0894505897435449,0.23207843137254902,0.03333143657297286,201.6,0.5163977794943222,47.2,0.42163702135578335,0.4333333333333333,0.31622776601683794,0.25064102564102564,0.17438960892265695,0.25098039215686274,0.13822666680948784,0.5909090909090909,0.10713739108887087
strict,selection,mayo_4class,drop_gt70_missing,none,mean,none,stacking,10,10,10,0.37596353809589106,0.07582857659004202,0.3652549019607843,0.06485167440224984,0.35004215320871046,0.06862948166137597,0.34698554372955115,0.07191715104197394,0.3820461133871761,0.08215416960975243,0.3618888273319388,0.08281595752847051,0.3652549019607843,0.06485167440224984,0.37596353809589106,0.07582857659004202,,,,,,,,,0.9520784313725491,0.09341326834589894,0.3769019607843137,0.06765219266301196,0.257843137254902,0.03555903962168685,201.6,0.5163977794943222,47.2,0.42163702135578335,0.37777777777777777,0.1829494671885699,0.23525641025641025,0.19353950216905744,0.3362745098039216,0.11063430953555728,0.5545454545454545,0.20305291597273886
strict,selection,mayo_4class,all,none,softimpute,tvae,stacking,10,10,10,0.3754479180949769,0.03759439408478649,0.3491372549019608,0.03447366398396962,0.3088460263038469,0.04611249937719402,0.3233885612332399,0.04494918033326975,0.40274659073046876,0.09587636275248165,0.3815862511551241,0.07221220632665065,0.3491372549019608,0.03447366398396962,0.3754479180949769,0.03759439408478649,,,,,,,,,0.9422352941176471,0.09663341555594414,0.41094117647058825,0.057733236313659356,0.239921568627451,0.06522123943201959,403.2,1.0327955589886444,55.0,0.0,0.26666666666666666,0.20420812966059587,0.5025641025641026,0.13416353415622964,0.11437908496732026,0.086804888074669,0.6181818181818182,0.11968737974625154
strict,selection,mayo_4class,drop_gt70_missing,none,pmm,none,stacking,10,10,10,0.3748000365647425,0.0493477285696367,0.35105882352941176,0.05737379841592199,0.3320384557974393,0.06548592502684855,0.33917174655900834,0.05677096156906275,0.3798714687401539,0.07124510900469126,0.3621692461949815,0.05948086991812569,0.35105882352941176,0.05737379841592199,0.3748000365647425,0.0493477285696367,,,,,,,,,0.9562352941176471,0.12090283633949737,0.4010588235294118,0.042084215664336205,0.24788235294117644,0.04784329797465772,201.6,0.5163977794943222,47.2,0.42163702135578335,0.45555555555555555,0.14296488196754656,0.24230769230769234,0.1522291566107954,0.25588235294117645,0.14898719531820526,0.5454545454545454,0.1603485643069449
strict,selection,mayo_4class,all,none,pmm,none,stacking,10,10,10,0.3717760180995475,0.06387493228423234,0.3413725490196079,0.05762000461897761,0.31454206895260056,0.060603215003740295,0.3238647148024116,0.05756426674779876,0.37673666853644544,0.08901937567902848,0.3621857911825017,0.08235181042622881,0.3413725490196079,0.05762000461897761,0.3717760180995475,0.06387493228423234,,,,,,,,,1.0078039215686274,0.1071534213010811,0.3847450980392157,0.055125734439211906,0.27388235294117647,0.02996983973842323,201.6,0.5163977794943222,55.0,0.0,0.5,0.15044515564140667,0.14102564102564102,0.09636728447674942,0.24607843137254903,0.14228139187911906,0.6,0.1227179195837369
strict,selection,mayo_4class,all,none,mean,tvae,catboost,10,10,10,0.36927790346907996,0.04113733934496685,0.3828627450980392,0.04181496868099562,0.37401803501708764,0.04269046483698787,0.36064659295063095,0.04116379434990172,0.3762407922068509,0.047906611023662796,0.3637932775018015,0.04614039131475626,0.3828627450980392,0.04181496868099562,0.36927790346907996,0.04113733934496685,,,,,,,,,0.8769411764705882,0.06317602566078458,0.38501960784313727,0.04954293203446196,0.23211764705882354,0.034919067556211436,403.2,1.0327955589886444,55.0,0.0,0.18888888888888888,0.11770554505237558,0.36730769230769234,0.13102490228994307,0.42091503267973857,0.14192022809398325,0.5,0.130338261621858
strict,selection,mayo_4class,all,none,mice,tvae,stacking,10,10,10,0.36906794186205955,0.059185008566424294,0.32529411764705884,0.05125224984095494,0.2735097814971025,0.05433197583381756,0.29970560143402103,0.05664634459076344,0.3801233813300612,0.14642609079487925,0.3599833999205129,0.11375167373642493,0.32529411764705884,0.05125224984095494,0.36906794186205955,0.059185008566424294,,,,,,,,,0.9921176470588235,0.10682441398448138,0.41670588235294115,0.04200950076537376,0.258,0.04336420789126667,403.2,1.0327955589886444,55.0,0.0,0.4111111111111111,0.24595492912420727,0.3358974358974359,0.15000547875157696,0.0565359477124183,0.02623667233671022,0.6727272727272727,0.09772433634301275
strict,selection,mayo_4class,drop_gt70_missing,none,pmm,none,catboost,10,10,10,0.36736453905571553,0.018669352450606396,0.3848235294117647,0.026642979355275327,0.3789361347308652,0.029253013417881123,0.36388213752592896,0.025134960183088747,0.3907127312017338,0.037424807095416616,0.37779416005279176,0.03853448395148954,0.3848235294117647,0.026642979355275327,0.36736453905571553,0.018669352450606396,,,,,,,,,0.8729411764705883,0.06325716971434922,0.3970588235294118,0.05241561122955793,0.21811764705882353,0.04217294115033676,201.6,0.5163977794943222,47.2,0.42163702135578335,0.2333333333333333,0.1104921028901948,0.3288461538461539,0.11570271126264783,0.47091503267973855,0.09418028759486577,0.43636363636363634,0.16486630919679326
strict,selection,mayo_4class,drop_gt70_missing,none,mice,none,rf,10,10,10,0.3672114241967183,0.08283172074416782,0.40043137254901956,0.0864540516450043,0.38542833283400446,0.08786824291483564,0.36392051651960355,0.08782702562559554,0.3938349142753782,0.09630343434611519,0.38313407034827573,0.1003108629809114,0.40043137254901956,0.0864540516450043,0.3672114241967183,0.08283172074416782,,,,,,,,,0.8256470588235294,0.107767166744806,0.3991372549019608,0.07659657796193418,0.2004313725490196,0.03824839728553621,201.6,0.5163977794943222,47.2,0.42163702135578335,0.22222222222222224,0.16563466499998442,0.30705128205128207,0.15586431506394072,0.5941176470588235,0.12232295779947833,0.34545454545454546,0.09389050536260404
strict,selection,mayo_4class,all,none,mice,none,stacking,10,10,10,0.3643596599478952,0.0684265294059721,0.34505882352941175,0.06243754964459905,0.32699278984938396,0.07456559904547108,0.33049629936636377,0.07181984036506354,0.3498663439530313,0.0976996011661046,0.33881283566364834,0.08526361497417714,0.34505882352941175,0.06243754964459905,0.3643596599478952,0.0684265294059721,,,,,,,,,0.984235294117647,0.11850576953088174,0.3910588235294118,0.08451782562053234,0.2638823529411765,0.06639427885635477,201.6,0.5163977794943222,55.0,0.0,0.4333333333333333,0.24258552435278238,0.21153846153846154,0.15564593035448132,0.2852941176470588,0.11510868041289013,0.5272727272727272,0.11968737974625152
strict,selection,mayo_4class,drop_gt70_missing,none,mean,none,rf,10,10,10,0.364201117509941,0.04202674548560345,0.4008235294117647,0.03703360486468143,0.3851615092847093,0.041908957620934655,0.3619332662968326,0.047193997351031,0.4014071672420629,0.05389483561240729,0.39030663828054724,0.06319668508967176,0.4008235294117647,0.03703360486468143,0.364201117509941,0.04202674548560345,,,,,,,,,0.8310980392156863,0.08459264802951288,0.39494117647058824,0.04310929971580691,0.20423529411764707,0.049770389960909864,201.6,0.5163977794943222,47.2,0.42163702135578335,0.2,0.11475506210984938,0.3044871794871795,0.09121954788947248,0.6068627450980392,0.09270210107627051,0.34545454545454546,0.14083575804390605
strict,selection,mayo_4class,drop_gt70_missing,none,gain,tvae,catboost,10,10,10,0.3640631427396134,0.07619117077241205,0.3810980392156863,0.06825477397049795,0.37426165229287595,0.07074745053013469,0.3572121387929175,0.07670574250412861,0.3772035564984414,0.07599721108810908,0.35987222842162103,0.0803870796480799,0.3810980392156863,0.06825477397049795,0.3640631427396134,0.07619117077241205,,,,,,,,,0.8668235294117647,0.11158747557805199,0.4105882352941176,0.049232652510500616,0.20831372549019606,0.04845876991384167,403.2,1.0327955589886444,47.2,0.42163702135578335,0.2,0.10210406483029792,0.32051282051282054,0.11831511281971904,0.453921568627451,0.059174495638059564,0.4818181818181818,0.20123585110162415
strict,selection,mayo_4class,all,none,gain,tvae,rf,10,10,10,0.3638131884455414,0.06150144006459402,0.4028627450980392,0.05491691361890981,0.37733425856778874,0.06347817339531697,0.3533017121521655,0.07232624149401148,0.39696625375605243,0.07838577269029792,0.387924327957638,0.09334141164353153,0.4028627450980392,0.05491691361890981,0.3638131884455414,0.06150144006459402,,,,,,,,,0.8210196078431373,0.10437385853388685,0.4048627450980392,0.0351447821069154,0.19227450980392155,0.04069919473569218,403.2,1.0327955589886444,55.0,0.0,0.13333333333333333,0.12614360271056593,0.22756410256410256,0.10199494858856945,0.630718954248366,0.07829508856673813,0.46363636363636357,0.1088380908852604
strict,selection,mayo_4class,all,none,gain,tvae,stacking,10,10,10,0.3624625782714018,0.045902597630100586,0.3274117647058824,0.04301168096049461,0.28975050742258646,0.052461653939943766,0.3080716941972915,0.04651698026888707,0.3772776156044166,0.13447136083333494,0.35854625442814464,0.09964339809361433,0.3274117647058824,0.04301168096049461,0.3624625782714018,0.045902597630100586,,,,,,,,,0.9917254901960785,0.08721441865193746,0.42274509803921567,0.04285708183051012,0.24984313725490198,0.03742922179865604,403.2,1.0327955589886444,55.0,0.0,0.3888888888888889,0.14103283529377608,0.3121794871794872,0.1458026093930997,0.11241830065359477,0.10439572477411979,0.6363636363636364,0.14845392380504113
strict,selection,mayo_4class,drop_gt70_missing,none,mice,tvae,catboost,10,10,10,0.36037610265551445,0.06747691189431952,0.3848235294117647,0.05609779210864866,0.37299092970671366,0.061810596147529415,0.35327879565664455,0.07236459816709595,0.3717360471582978,0.06948858690629246,0.3563980192512801,0.08189406176722082,0.3848235294117647,0.05609779210864866,0.36037610265551445,0.06747691189431952,,,,,,,,,0.8611764705882352,0.10073046890362004,0.4087450980392157,0.03511017182981438,0.2064313725490196,0.04886343750492954,403.2,1.0327955589886444,47.2,0.42163702135578335,0.18888888888888888,0.1741134707191579,0.3044871794871795,0.14356843808155909,0.5117647058823529,0.056038314303347395,0.43636363636363634,0.15919909741289331
strict,selection,mayo_4class,drop_gt70_missing,none,gain,none,catboost,10,10,10,0.3579399766899767,0.0522075422516838,0.3830588235294118,0.04460708419474564,0.3755482121989114,0.04791469773960829,0.3543351754498424,0.05242673489804493,0.3802482328129387,0.05155808287280688,0.3630179020326079,0.05430364075660898,0.3830588235294118,0.04460708419474564,0.3579399766899767,0.0522075422516838,,,,,,,,,0.8886274509803922,0.06731125011076056,0.3848627450980392,0.051284895868424295,0.23207843137254902,0.039307430808852,201.6,0.5163977794943222,47.2,0.42163702135578335,0.2,0.10210406483029794,0.2878205128205128,0.133865432347736,0.5166666666666667,0.062033187460539194,0.42727272727272725,0.15481260332660365
strict,selection,mayo_4class,all,none,gain,none,stacking,10,10,10,0.35781399972576444,0.07178451794740597,0.3651372549019608,0.06157971397345961,0.35625722708706165,0.0662344636930706,0.34380742892870547,0.07442657835815707,0.37011423664964915,0.06718526785226399,0.350688169007635,0.075298286435237,0.3651372549019608,0.06157971397345961,0.35781399972576444,0.07178451794740597,,,,,,,,,0.9163921568627451,0.14055853628689738,0.4107058823529412,0.03472454971053516,0.22415686274509805,0.055796693129244526,201.6,0.5163977794943222,55.0,0.0,0.2777777777777778,0.17568209223157663,0.24230769230769234,0.1288374718907381,0.42026143790849674,0.11779019776100458,0.4909090909090909,0.1973190375284813
strict,selection,mayo_4class,all,none,gain,none,rf,10,10,10,0.3572398190045249,0.06962019819134156,0.3949019607843137,0.05890277885997086,0.377119622551436,0.0659188722616076,0.3497239087963248,0.07450800866684221,0.38147455079870457,0.063166095143197,0.36210860005297346,0.07009891147947031,0.3949019607843137,0.05890277885997086,0.3572398190045249,0.06962019819134156,,,,,,,,,0.8272549019607844,0.07968352327434533,0.41658823529411765,0.060163120000206544,0.18850980392156863,0.036468034675286184,201.6,0.5163977794943222,55.0,0.0,0.14444444444444443,0.16604823534414737,0.28974358974358977,0.09938998688879133,0.5947712418300654,0.0984498782369935,0.4,0.149685927699739
strict,selection,mayo_4class,drop_gt70_missing,none,gain,tvae,stacking,10,10,10,0.35705928058869235,0.06434944771892753,0.31745098039215686,0.05218200124773353,0.276346479967018,0.05668537215099009,0.29707377406194635,0.057179194577108405,0.34614404231687695,0.14362411589087934,0.331210386599125,0.10465225392571567,0.31745098039215686,0.05218200124773353,0.35705928058869235,0.06434944771892753,,,,,,,,,1.029843137254902,0.08668834200898386,0.4105882352941176,0.054189274060585955,0.2719607843137255,0.04643679309465228,403.2,1.0327955589886444,47.2,0.42163702135578335,0.4333333333333333,0.20588062384721922,0.28717948717948716,0.10682905948715216,0.0895424836601307,0.10558247609030891,0.6181818181818182,0.14083575804390608
strict,selection,mayo_4class,all,none,mice,tvae,rf,10,10,10,0.35675190822249647,0.0737969684746308,0.40262745098039215,0.06592929389050187,0.3582501367637688,0.0843640631889832,0.3373236868124055,0.09444044702947774,0.3796674919114198,0.10260731521469302,0.37821520840051437,0.11815010613722361,0.40262745098039215,0.06592929389050187,0.35675190822249647,0.0737969684746308,,,,,,,,,0.789843137254902,0.09540253119198008,0.42262745098039217,0.048301334602113596,0.1747450980392157,0.04222655231848454,403.2,1.0327955589886444,55.0,0.0,0.18888888888888888,0.15757072137913072,0.12564102564102564,0.09950017537816153,0.7215686274509804,0.08090096468008393,0.39090909090909093,0.14876288131677062
strict,selection,mayo_4class,drop_gt70_missing,none,mean,tvae,stacking,10,10,10,0.35532731157731157,0.06941653310448696,0.303843137254902,0.0634486158808187,0.23493186616076053,0.05290857696847654,0.26898967960611725,0.057840813087559555,0.20864250751275346,0.049555134210246043,0.23296155887102624,0.0527434452719593,0.303843137254902,0.0634486158808187,0.35532731157731157,0.06941653310448696,,,,,,,,,1.0650980392156861,0.12684346578629455,0.3965490196078431,0.0657644447557184,0.2996078431372549,0.06119574021975051,403.2,1.0327955589886444,47.2,0.42163702135578335,0.4666666666666667,0.17213259316477408,0.2980769230769231,0.18428790399314168,0.01111111111111111,0.03513641844631532,0.6454545454545455,0.19379729642811494
strict,selection,mayo_4class,all,none,gain,tvae,catboost,10,10,10,0.35505564696741165,0.08015828970077582,0.3690588235294118,0.06534678308101419,0.35904209121595887,0.07312060996454534,0.3455450313739311,0.08067475632739575,0.3613553029418954,0.07917820837109062,0.34803778116808676,0.08033277267031977,0.3690588235294118,0.06534678308101419,0.35505564696741165,0.08015828970077582,,,,,,,,,0.8828627450980392,0.06772984104718655,0.42254901960784313,0.06784559291335703,0.2083921568627451,0.02364691068936933,403.2,1.0327955589886444,55.0,0.0,0.22222222222222224,0.17371910221568257,0.29743589743589743,0.1213329070658861,0.43692810457516346,0.08867196072583608,0.4636363636363637,0.1684477831477248
strict,selection,mayo_4class,all,none,mice,tvae,catboost,10,10,10,0.35364876136934964,0.05700086898794214,0.37301960784313726,0.05391164099538864,0.3635614449662049,0.05792365544384316,0.3465841249459061,0.05827130589926061,0.36770762811320085,0.0635062532250786,0.3541048766764711,0.06418489220927057,0.37301960784313726,0.05391164099538864,0.35364876136934964,0.05700086898794214,,,,,,,,,0.8789803921568626,0.07806257519254554,0.41062745098039216,0.0634102677931598,0.21635294117647058,0.03961541375910243,403.2,1.0327955589886444,55.0,0.0,0.17777777777777776,0.0776895443089001,0.2980769230769231,0.12286789288878262,0.4660130718954248,0.07431717126567025,0.4727272727272728,0.21341596195950316
strict,selection,mayo_4class,all,none,pmm,tvae,catboost,10,10,10,0.35227301293477764,0.042603670167257295,0.3707843137254902,0.04032261289081074,0.3615265623547761,0.03880796075330534,0.34608119605057286,0.040136848141287436,0.36526440183651987,0.04328013296008568,0.3532705318202609,0.044674426868284885,0.3707843137254902,0.04032261289081074,0.35227301293477764,0.042603670167257295,,,,,,,,,0.8752549019607843,0.03524394885118542,0.4228235294117647,0.06692447906846953,0.2063921568627451,0.03542944281849222,403.2,1.0327955589886444,55.0,0.0,0.2,0.10210406483029795,0.3044871794871795,0.14356843808155909,0.4591503267973856,0.0991255476097846,0.4454545454545455,0.16290521279655287
strict,selection,mayo_4class,all,none,softimpute,none,stacking,10,10,10,0.3506884455413867,0.06454233500600592,0.33941176470588236,0.06208372844340391,0.3104148839730979,0.07378762551262691,0.31569678488055347,0.06963646378598755,0.32886219931535215,0.08468889884556385,0.32550171636271047,0.07771622560555119,0.33941176470588236,0.06208372844340391,0.3506884455413867,0.06454233500600592,,,,,,,,,0.914235294117647,0.10959255255200677,0.4524313725490196,0.07032486573142308,0.20815686274509804,0.052387747195481636,201.6,0.5163977794943222,55.0,0.0,0.2777777777777778,0.17568209223157663,0.33076923076923076,0.19013972662306824,0.25784313725490193,0.19693259848505965,0.5363636363636364,0.2030529159727388
strict,selection,mayo_4class,all,none,mice,none,rf,10,10,10,0.3502556675350793,0.08852966306361096,0.38262745098039214,0.08655964961823058,0.3656718968313094,0.09019644784169786,0.34350995610084994,0.0947700438602906,0.3690414079018104,0.09642801516739404,0.35548522003165967,0.10285249016990801,0.38262745098039214,0.08655964961823058,0.3502556675350793,0.08852966306361096,,,,,,,,,0.8515686274509804,0.1284126281453517,0.40890196078431373,0.07317881265706325,0.20847058823529413,0.05623838728909699,201.6,0.5163977794943222,55.0,0.0,0.2111111111111111,0.16932043630611052,0.266025641025641,0.16504940741712096,0.5784313725490196,0.1314702448028981,0.34545454545454546,0.14721160971504388
strict,selection,mayo_4class,drop_gt70_missing,none,softimpute,tvae,stacking,10,10,10,0.3499043032131267,0.06171348444117832,0.3132549019607843,0.054609491767042856,0.2598052069088164,0.05481520023624617,0.28519844114785575,0.05851253665852288,0.26469349661301644,0.09130756304134806,0.2745056235545787,0.0769163447291349,0.3132549019607843,0.054609491767042856,0.3499043032131267,0.06171348444117832,,,,,,,,,0.9727058823529411,0.10104468626043815,0.4502745098039216,0.03306688329066306,0.23647058823529413,0.05256495059786,403.2,1.0327955589886444,47.2,0.42163702135578335,0.32222222222222224,0.248175786188903,0.4134615384615385,0.20732552643936802,0.0457516339869281,0.05839836668270244,0.6181818181818182,0.11968737974625153
strict,selection,mayo_4class,drop_gt70_missing,none,softimpute,none,stacking,10,10,10,0.3492150006855889,0.05253109146080849,0.33525490196078434,0.045340241914273056,0.31766608716499667,0.06253030293904072,0.3237240182997666,0.06155827751892288,0.37111875640699166,0.10894567882797955,0.35793219645851226,0.09098182375623112,0.33525490196078434,0.045340241914273056,0.3492150006855889,0.05253109146080849,,,,,,,,,0.940313725490196,0.10171510538721709,0.4346274509803922,0.04438521620607333,0.23011764705882354,0.04452963768746848,201.6,0.5163977794943222,47.2,0.42163702135578335,0.31111111111111106,0.1553790886178002,0.3858974358974359,0.21676821235110508,0.22712418300653595,0.1367026445476784,0.4727272727272728,0.14083575804390605
strict,selection,mayo_4class,drop_gt70_missing,none,mean,tvae,catboost,10,10,10,0.3484171465789113,0.05036600515730762,0.3667450980392157,0.053652384146242925,0.3615025877041271,0.053259884451541985,0.345985620549356,0.051296159025652995,0.3713769724530715,0.05511733385578467,0.3592300500926662,0.05590094352364062,0.3667450980392157,0.053652384146242925,0.3484171465789113,0.05036600515730762,,,,,,,,,0.9010196078431372,0.06638288955727155,0.4130588235294118,0.0556233496391203,0.22019607843137257,0.025107739138652444,403.2,1.0327955589886444,47.2,0.42163702135578335,0.2111111111111111,0.08198497637473576,0.3198717948717949,0.14755816805351848,0.45359477124183006,0.09457445825849703,0.40909090909090906,0.18307645414537232
strict,selection,mayo_4class,all,none,raw,none,catboost,10,10,10,0.3483608711549888,0.063639702708838,0.38098039215686275,0.05796799787659132,0.36126723150123696,0.060554377639434276,0.33819824529239007,0.06538541986314719,0.3651105743561665,0.066587022010427,0.34982743965928764,0.07153583840995684,0.38098039215686275,0.05796799787659132,0.3483608711549888,0.063639702708838,,,,,,,,,0.8589411764705883,0.07644970386850064,0.41074509803921566,0.057789074103469194,0.2082745098039216,0.02927488847493338,201.6,0.5163977794943222,55.0,0.0,0.14444444444444443,0.11770554505237557,0.2358974358974359,0.07907715217928463,0.5676470588235294,0.09663789115272417,0.44545454545454544,0.17381370181454528
strict,selection,mayo_4class,all,none,pmm,none,catboost,10,10,10,0.3472936377348142,0.07508496879595451,0.37866666666666665,0.07014998303967354,0.3661301342939803,0.07743578007048854,0.3405058411861175,0.08180826535821888,0.37037781533751896,0.08483290103474794,0.3504529408973143,0.09052056684329039,0.37866666666666665,0.07014998303967354,0.3472936377348142,0.07508496879595451,,,,,,,,,0.8754117647058823,0.09308200172786465,0.40298039215686277,0.07804265327820337,0.21835294117647058,0.04542170488099506,201.6,0.5163977794943222,55.0,0.0,0.15555555555555553,0.14998856838012287,0.30512820512820515,0.14853732030999478,0.5375816993464053,0.11264111694405333,0.39090909090909093,0.15481260332660365
strict,selection,mayo_4class,drop_gt70_missing,none,pmm,tvae,rf,10,10,10,0.3468582887700534,0.04590106667064443,0.3927058823529412,0.046539692880066645,0.3519310234163154,0.05381846796661718,0.3315037741674755,0.05610220835234751,0.3934115823600339,0.06710272054267771,0.40024004406541175,0.07430179199975616,0.3927058823529412,0.046539692880066645,0.3468582887700534,0.04590106667064443,,,,,,,,,0.7897647058823529,0.05311484465811074,0.4445882352941177,0.05137838613747518,0.1627058823529412,0.020369897353332767,403.2,1.0327955589886444,47.2,0.42163702135578335,0.17777777777777776,0.10734353145325509,0.13333333333333336,0.13734513523011466,0.70359477124183,0.0901451499677654,0.3727272727272727,0.15121181757423816
strict,selection,mayo_4class,drop_gt70_missing,none,mice,tvae,stacking,10,10,10,0.3466240458887518,0.07641531278776668,0.3074509803921569,0.06395350526084458,0.2610545160999661,0.05767196596960194,0.2841939996433789,0.06428742150428433,0.31184308542447653,0.1310174551670049,0.3034159017778112,0.10380634618060655,0.3074509803921569,0.06395350526084458,0.3466240458887518,0.07641531278776668,,,,,,,,,1.017764705882353,0.10974991669137583,0.4247450980392157,0.06519756415493885,0.2678039215686275,0.042626987989861385,403.2,1.0327955589886444,47.2,0.42163702135578335,0.3555555555555555,0.17213259316477408,0.32051282051282054,0.18002057495577392,0.05588235294117647,0.058569815148416,0.6545454545454545,0.15332255322028507
strict,selection,mayo_4class,all,none,mean,tvae,rf,10,10,10,0.341638957447781,0.046985338224757284,0.3730588235294118,0.03958995691832599,0.3531102149005175,0.04126837386955605,0.3327572103258931,0.04649192518733348,0.3526845640650517,0.04547973115935803,0.3426266189873761,0.04996957453961971,0.3730588235294118,0.03958995691832599,0.341638957447781,0.046985338224757284,,,,,,,,,0.8432156862745097,0.047478808527319054,0.44035294117647056,0.0529466470182528,0.18658823529411767,0.027456457592387566,403.2,1.0327955589886444,55.0,0.0,0.16666666666666666,0.09442628728875527,0.2814102564102564,0.12164295518857042,0.5457516339869282,0.0675556938288177,0.3727272727272727,0.1937972964281149
strict,selection,mayo_4class,all,none,softimpute,none,rf,10,10,10,0.34131501668266373,0.0511881617232564,0.3829019607843137,0.05074967063948104,0.3460835672434362,0.05609477937871181,0.315972138698679,0.06225977880578446,0.35665049742102484,0.08970657026051052,0.34212822336125237,0.1083956395288759,0.3829019607843137,0.05074967063948104,0.34131501668266373,0.0511881617232564,,,,,,,,,0.8152941176470587,0.0779006005561199,0.43866666666666665,0.07285355620030949,0.1784313725490196,0.04901594757576322,201.6,0.5163977794943222,55.0,0.0,0.05555555555555556,0.10798059064528334,0.40961538461538466,0.21462289843103238,0.5637254901960784,0.16078704439409708,0.3363636363636363,0.13585764709975692
strict,selection,mayo_4class,drop_gt70_missing,none,raw,none,catboost,10,10,10,0.3409002353855295,0.053749713652647725,0.3670980392156863,0.05782107330012744,0.35182805001035805,0.060940666293979956,0.3317316809422018,0.056921900292156505,0.35667052819351064,0.06491669664386546,0.3415782485516383,0.062453569579114715,0.3670980392156863,0.05782107330012744,0.3409002353855295,0.053749713652647725,,,,,,,,,0.8945098039215686,0.0837007662750015,0.40894117647058825,0.06412608793619487,0.2239607843137255,0.03790238850946658,201.6,0.5163977794943222,47.2,0.42163702135578335,0.17777777777777776,0.09369711585684086,0.22756410256410256,0.11416136965401152,0.5218954248366013,0.1392040083611829,0.43636363636363634,0.16486630919679326
strict,selection,mayo_4class,all,none,pmm,none,rf,10,10,10,0.3404234654234654,0.06956905659134327,0.3787843137254902,0.06917279741654728,0.3602496722064214,0.07270019630940204,0.3335528190926273,0.07212690182964623,0.36755987472590956,0.07633130966945884,0.35313340703778107,0.07676876251232277,0.3787843137254902,0.06917279741654728,0.3404234654234654,0.06956905659134327,,,,,,,,,0.8394901960784313,0.0765671810485486,0.4267450980392157,0.07381971450706026,0.19447058823529412,0.03215869594647103,201.6,0.5163977794943222,55.0,0.0,0.13333333333333333,0.07027283689263064,0.3051282051282051,0.17503639144488214,0.5777777777777777,0.09355262903115336,0.3454545454545454,0.17565305146896285
strict,selection,mayo_4class,drop_gt70_missing,none,mean,tvae,rf,10,10,10,0.3400678161707574,0.06466587244734799,0.3769019607843137,0.0626724661316387,0.34994506494311817,0.06473063921822678,0.3294738306828183,0.06912991898521104,0.37496440165028627,0.08305033569819527,0.3687136159254925,0.09279594729699536,0.3769019607843137,0.0626724661316387,0.3400678161707574,0.06466587244734799,,,,,,,,,0.8353725490196078,0.08429412550215572,0.43454901960784315,0.06039483060034946,0.18854901960784315,0.040204441448946845,403.2,1.0327955589886444,47.2,0.42163702135578335,0.17777777777777776,0.14998856838012287,0.20192307692307693,0.08092904642908388,0.6078431372549019,0.1191205234985669,0.3727272727272727,0.16290521279655285
strict,selection,mayo_4class,drop_gt70_missing,none,mice,tvae,rf,10,10,10,0.3396644613556378,0.04952479064112975,0.38862745098039214,0.05377301779576682,0.3469049037023213,0.058696532297037814,0.3259676188799997,0.0606730012084761,0.38714436812717545,0.10065366604604106,0.3926118283979939,0.11410012025090253,0.38862745098039214,0.05377301779576682,0.3396644613556378,0.04952479064112975,,,,,,,,,0.8215686274509804,0.06721446093203104,0.42490196078431375,0.05456424296831474,0.1864705882352941,0.029582510913402218,403.2,1.0327955589886444,47.2,0.42163702135578335,0.17777777777777776,0.10734353145325509,0.13269230769230772,0.11499022499563481,0.7209150326797386,0.08797535610841964,0.32727272727272727,0.07666127661014253
strict,selection,mayo_4class,all,none,mean,none,catboost,10,10,10,0.3390677133324192,0.0474415439244502,0.3687843137254902,0.05144656976684563,0.3538723590555651,0.052491140211225334,0.33286589913027054,0.04914101419720896,0.3575777667673862,0.057414772762901134,0.3442801425154366,0.05561411284210362,0.3687843137254902,0.05144656976684563,0.3390677133324192,0.0474415439244502,,,,,,,,,0.8792156862745099,0.09341385369799773,0.4208627450980392,0.04784270866624701,0.21035294117647058,0.050706554646276845,201.6,0.5163977794943222,55.0,0.0,0.18888888888888888,0.09147473359428494,0.258974358974359,0.12445366031433805,0.5447712418300654,0.11276535660455986,0.36363636363636365,0.154515742836145
strict,selection,mayo_4class,all,none,pmm,tvae,stacking,10,10,10,0.3382315805109923,0.08738184935676943,0.292078431372549,0.07625673690028516,0.23726664448383744,0.06971837247743422,0.2658364287479388,0.07311636588658926,0.2744199239554156,0.13948836936792502,0.2750250192221268,0.1088788245732377,0.292078431372549,0.07625673690028516,0.3382315805109923,0.08738184935676943,,,,,,,,,1.0589411764705883,0.12698201637725293,0.4242745098039215,0.05728129334747499,0.2836470588235294,0.04226612986413789,403.2,1.0327955589886444,55.0,0.0,0.4222222222222222,0.23306863292670033,0.275,0.14594032736410886,0.028431372549019607,0.0408474944952765,0.6272727272727272,0.13853490243227226
strict,selection,mayo_4class,all,none,pmm,tvae,rf,10,10,10,0.3377765208647562,0.05997966359492961,0.37666666666666665,0.05736172027477359,0.3493916489448071,0.07074100557133609,0.3283003267496623,0.07612806132317633,0.3612499733943757,0.09594421540235984,0.3552913872268711,0.10803520868706704,0.37666666666666665,0.05736172027477359,0.3377765208647562,0.05997966359492961,,,,,,,,,0.8278823529411765,0.07882135073241787,0.4326274509803921,0.05374021393905964,0.1907058823529412,0.03768156098739476,403.2,1.0327955589886444,55.0,0.0,0.1222222222222222,0.1222783260682902,0.22692307692307692,0.18576722033363632,0.6019607843137255,0.07204052170435139,0.4,0.14968592769973904
strict,selection,mayo_4class,all,none,gain,none,catboost,10,10,10,0.33487762237762236,0.06060337621438624,0.3651764705882353,0.038551588245018156,0.34924786649520845,0.043766799440524126,0.3247984086171834,0.06119262700146348,0.3458313389206391,0.04792244207469186,0.3266355438144231,0.06235830498001231,0.3651764705882353,0.038551588245018156,0.33487762237762236,0.06060337621438624,,,,,,,,,0.8945098039215686,0.08524339262464377,0.41866666666666663,0.04325047530368445,0.21615686274509804,0.038277134807658805,201.6,0.5163977794943222,55.0,0.0,0.15555555555555556,0.17529125283258123,0.2743589743589744,0.11846166179493092,0.5277777777777778,0.0787974089928399,0.38181818181818183,0.1808052592748642
strict,selection,mayo_4class,drop_gt70_missing,none,softimpute,tvae,catboost,10,10,10,0.3331973581973582,0.06340548072040166,0.36901960784313725,0.06750517152280289,0.34734644158130845,0.06636122588548618,0.3227288189219136,0.06503298382822084,0.36563527931763223,0.08471626940743608,0.35909237412913886,0.09943256312987094,0.36901960784313725,0.06750517152280289,0.3331973581973582,0.06340548072040166,,,,,,,,,0.8630196078431374,0.10709609349113129,0.42458823529411766,0.04359356594545513,0.2063921568627451,0.05097973855790173,403.2,1.0327955589886444,47.2,0.42163702135578335,0.07777777777777777,0.07499428419006142,0.3307692307692308,0.1579520941660102,0.5333333333333333,0.16757056214740998,0.3909090909090909,0.13585764709975692
strict,selection,mayo_4class,drop_gt70_missing,none,mice,none,catboost,10,10,10,0.33317564788153026,0.05510051794623529,0.3571764705882353,0.04592006345570139,0.34786848515249685,0.04948135202217391,0.32641067954763264,0.05335287431525101,0.35925130068848365,0.053927154426335194,0.3394850332761643,0.05454461274259628,0.3571764705882353,0.04592006345570139,0.33317564788153026,0.05510051794623529,,,,,,,,,0.9184313725490195,0.07444120222243007,0.4128235294117647,0.05288128622433029,0.22999999999999998,0.04012252157021511,201.6,0.5163977794943222,47.2,0.42163702135578335,0.22222222222222224,0.13857990321384966,0.28974358974358977,0.11757186172420898,0.4934640522875817,0.12652119745738225,0.32727272727272727,0.1670793788132148
strict,selection,mayo_4class,drop_gt70_missing,none,mean,none,catboost,10,10,10,0.332675453631336,0.04737354385436068,0.35901960784313725,0.0480773047169203,0.3446988923985542,0.05499648464093239,0.32435133265079763,0.0556289757542266,0.3497419986483158,0.06585358460634727,0.33503900789226876,0.06917929305894865,0.35901960784313725,0.0480773047169203,0.332675453631336,0.04737354385436068,,,,,,,,,0.9107843137254902,0.07629357760217922,0.4108235294117647,0.04298217320546865,0.23015686274509806,0.03660245096252098,201.6,0.5163977794943222,47.2,0.42163702135578335,0.17777777777777776,0.10734353145325509,0.29935897435897435,0.1760468516425761,0.49901960784313726,0.10284805184800673,0.35454545454545455,0.20305291597273883
strict,selection,mayo_4class,drop_gt70_missing,none,gain,tvae,rf,10,10,10,0.33091291878056583,0.04295532258613994,0.3730980392156863,0.03876746022747962,0.34096687224815614,0.05240312156149026,0.3180842296432388,0.05591723499664289,0.3627667799173978,0.05410212270301858,0.35507336026956404,0.05890247687728989,0.3730980392156863,0.03876746022747962,0.33091291878056583,0.04295532258613994,,,,,,,,,0.8370588235294119,0.04629195417289824,0.43854901960784315,0.05808249284468025,0.18835294117647058,0.03180532113863741,403.2,1.0327955589886444,47.2,0.42163702135578335,0.1222222222222222,0.08198497637473576,0.18012820512820513,0.09037476457199889,0.6303921568627452,0.0816840944369165,0.39090909090909093,0.12892149931019786
strict,selection,mayo_4class,drop_gt70_missing,none,softimpute,none,rf,10,10,10,0.32752496686320215,0.0724247536619722,0.3730588235294118,0.07719572399194147,0.34299086795927347,0.0793108932409949,0.3120254713942533,0.07830897332015155,0.35031420714442624,0.08912722178677646,0.3337453525017969,0.09302450775153058,0.3730588235294118,0.07719572399194147,0.32752496686320215,0.0724247536619722,,,,,,,,,0.8429803921568627,0.08601966718858836,0.43066666666666664,0.09122624733500756,0.19627450980392158,0.03813735291304731,201.6,0.5163977794943222,47.2,0.42163702135578335,0.05555555555555556,0.07856742013183861,0.3455128205128205,0.18046260187563803,0.5908496732026144,0.15333419389427172,0.3181818181818182,0.11539050160399861
strict,selection,mayo_4class,all,none,mice,none,catboost,10,10,10,0.31945587092645916,0.06547787777865242,0.3471764705882353,0.05704292690837161,0.33328055232706555,0.06444792217967213,0.3111030312553992,0.07098176980456716,0.33656376297207913,0.06618889345396556,0.31915947370654074,0.07423334614787437,0.3471764705882353,0.05704292690837161,0.31945587092645916,0.06547787777865242,,,,,,,,,0.9227450980392156,0.08616650002673425,0.41862745098039217,0.06079548706077039,0.23419607843137258,0.04203617522253794,201.6,0.5163977794943222,55.0,0.0,0.18888888888888888,0.14861038998325093,0.2128205128205128,0.12124256237199939,0.5215686274509804,0.12049919663038629,0.35454545454545455,0.17901885439687185
strict,selection,mayo_4class,all,none,softimpute,tvae,catboost,10,10,10,0.31942044883221354,0.04909709545187762,0.36301960784313725,0.04945326265165859,0.32684974800786326,0.0573750779506685,0.2990118769294747,0.060486084986592456,0.35009740457073446,0.10792935774490608,0.34606524415258993,0.1331969218816406,0.36301960784313725,0.04945326265165859,0.31942044883221354,0.04909709545187762,,,,,,,,,0.8532156862745097,0.07210831226363229,0.43854901960784315,0.05616385163603961,0.1984313725490196,0.03966151802175928,403.2,1.0327955589886444,55.0,0.0,0.04444444444444444,0.05737753105492469,0.30641025641025643,0.19927547925872255,0.5813725490196078,0.15385683541044448,0.34545454545454546,0.10320840221773576
strict,selection,mayo_4class,all,none,softimpute,none,catboost,10,10,10,0.3184843342931578,0.0664310195296758,0.3590980392156863,0.0715182142556046,0.33093729421083024,0.07320469976329629,0.301393857745982,0.07228118833746061,0.3542435129006319,0.09895172739079139,0.3418374195264759,0.11475434281257701,0.3590980392156863,0.0715182142556046,0.3184843342931578,0.0664310195296758,,,,,,,,,0.8530196078431374,0.11803086269564356,0.45443137254901955,0.05771646704130774,0.1864705882352941,0.05788097429441407,201.6,0.5163977794943222,55.0,0.0,0.06666666666666667,0.09369711585684086,0.3852564102564103,0.1572640863037941,0.5401960784313726,0.15416964683836243,0.28181818181818186,0.12457457449148161
strict,selection,mayo_4class,drop_gt70_missing,none,softimpute,none,catboost,10,10,10,0.3125534188034188,0.06698609753851205,0.34937254901960785,0.0718230057132533,0.3300374253800843,0.06615979433286094,0.3050045100403443,0.065803121522348,0.3533342205258224,0.09034357604232506,0.3451279546162823,0.1048517528851743,0.34937254901960785,0.0718230057132533,0.3125534188034188,0.06698609753851205,,,,,,,,,0.8846666666666667,0.11042331527597822,0.44231372549019604,0.06462633256218624,0.20831372549019606,0.03891773522332803,201.6,0.5163977794943222,47.2,0.42163702135578335,0.1,0.06307180135528297,0.32243589743589746,0.15800556058979584,0.5277777777777778,0.15558858269088996,0.3,0.14245647604294737
strict,selection,mayo_4class,drop_gt70_missing,none,softimpute,tvae,rf,10,10,10,0.30111836692719046,0.04493614712027438,0.3671372549019608,0.04725876189950475,0.29930303212293485,0.05474597970849252,0.2645879618102204,0.057181179838358034,0.33830662081807594,0.094271194211106,0.32739977471063,0.10775719368694574,0.3671372549019608,0.04725876189950475,0.30111836692719046,0.04493614712027438,,,,,,,,,0.8489019607843137,0.06126050035926564,0.4365490196078431,0.054746683623435446,0.19631372549019607,0.03834243410347892,403.2,1.0327955589886444,47.2,0.42163702135578335,0.04444444444444444,0.07768954430890011,0.11730769230769231,0.08352760611481237,0.7790849673202614,0.09501758482584759,0.2636363636363636,0.07959954870644666
strict,selection,mayo_4class,all,none,softimpute,tvae,rf,10,10,10,0.29880507564331094,0.03310664240956394,0.3729411764705882,0.03483604948734615,0.27930051989591115,0.03560877755961627,0.2413648287192649,0.03654089784495126,0.29008708042273157,0.06327994475593099,0.27156338576184014,0.06635595411115479,0.3729411764705882,0.03483604948734615,0.29880507564331094,0.03310664240956394,,,,,,,,,0.8272941176470588,0.0441912047156851,0.43666666666666665,0.04234456868749624,0.19039215686274508,0.024282958958395686,403.2,1.0327955589886444,55.0,0.0,0.0,0.0,0.06346153846153846,0.07280338167740368,0.8408496732026144,0.06911934240140585,0.2909090909090909,0.1196873797462515
